Summary,Issue key,Issue id,Issue Type,Status,Project key,Project name,Project type,Project lead,Project lead id,Project description,Priority,Resolution,Assignee,Assignee Id,Reporter,Reporter Id,Creator,Creator Id,Created,Updated,Last Viewed,Resolved,Due date,Votes,Description,Environment,Watchers,Watchers,Watchers Id,Watchers Id,Original estimate,Remaining Estimate,Time Spent,Work Ratio,Σ Original Estimate,Σ Remaining Estimate,Σ Time Spent,Security Level,Custom field (Development),Custom field (Issue color),Custom field (Rank),Sprint,Custom field (Start date),Custom field (Story point estimate),Custom field (Team),Custom field (Vulnerability),Comment,Parent,Parent key,Parent summary,Status category,Status category changed
Review: an annotator resubmits only work that is theirs to redo,SCRUM-117,10177,Task,To Do,SCRUM,CS-57,software,Jason Wang,712020:93390656-829d-45f1-9908-d965a5930c17,,Medium,,Jason Wang,712020:93390656-829d-45f1-9908-d965a5930c17,Jason Wang,712020:93390656-829d-45f1-9908-d965a5930c17,Jason Wang,712020:93390656-829d-45f1-9908-d965a5930c17,27/Sep/26 6:15 PM,30/Sep/26 11:01 PM,30/Sep/26 11:01 PM,,,0,"{noformat}Related to user story D8

BACKEND AND FRONTEND

Found in the D8 browser walkthrough on CS57-KANISHKA (2026-09-27). On an item that was ""rejected"" because of one annotator's work, another annotator resubmitted an answer a reviewer had already accepted. The panel offers the editor on the item's status to every annotator, and the API lets anyone who has submitted resubmit at any time. Approvals now count only since the last submission (PR #35), so the old approval stopped counting and the item waited for a new one: nothing was lost, but an accepted answer changed after it was accepted.

Proposed rule, to confirm at the weekly meeting before building: an annotator may resubmit their own answer while it awaits its first review, or once a reviewer has returned or rejected it. Once it is approved, it is not changed by its author.

# The draft service refuses a resubmission that the rule does not allow, with 409 and a message that says why.
# The workspace panel offers the editor on an item only where the viewer may submit: a first submission, or their own work that is back with them — not because of the item's status, which may be returned or rejected for someone else's work.
# Tests: the API refuses a resubmission of an approved answer and allows one of a returned or rejected answer; a web test shows no editor to an annotator whose approved answer sits on a rejected item.{noformat}",,Jason Wang,,712020:93390656-829d-45f1-9908-d965a5930c17,,,,,,,,,,{},,0|i0001b:vz7,Mid-semester Break,,1.0,,,,10042,SCRUM-14,"Review, Dispute & Adjudication",To Do,27/Sep/26 6:15 PM
Review: refuse a decision on a submission that is not awaiting the reviewer,SCRUM-116,10176,Task,To Do,SCRUM,CS-57,software,Jason Wang,712020:93390656-829d-45f1-9908-d965a5930c17,,Medium,,Jingwei Lin,712020:a3a41120-888a-4688-8ba9-1762665aa1c0,Jason Wang,712020:93390656-829d-45f1-9908-d965a5930c17,Jason Wang,712020:93390656-829d-45f1-9908-d965a5930c17,27/Sep/26 6:14 PM,30/Sep/26 11:29 PM,30/Sep/26 11:29 PM,,,0,"{noformat}Related to user story D1, D5, D8

ONLY BACKEND

Found in the D8 browser walkthrough on CS57-KANISHKA (2026-09-27) and in Yi's review of PR #33. The review queue offers a reviewer only the submissions that await them (awaits_review_by: not their own, not already decided since it was last submitted, short of the policy's approvals, and not already reviewed by them since then). The review action does not apply that rule, so it accepts decisions the queue would never offer:
- the same reviewer accepts the same submission again under single sign-off (six approvals of one answer in the walkthrough);
- a reviewer decides on a submission that already has its approvals;
- a person returns, rejects or escalates their own submission (only accept checks self-review; Yi);
- a reject on a canonicalized item's approved submission reopens the item (Yi, related to SCRUM-110).

Updated 2026-09-30: SCRUM-86 (D1, issue 7) is folded into this ticket and SCRUM-99. This ticket takes the routing half: a person may not send their own work to dispute, by the review action or by the routing endpoint. SCRUM-99 takes the deciding half.

# submit_task_item_review_action refuses, with 409 and a message that says why, a decision on a submission that does not await the caller, using the same rule as the queue (awaits_review_by), after the item lock.
# Self-review is refused for every action — accept, reject, adjust, revise and escalate — not only accept (403, as today for accept).
# route_escalation (POST /tasks/{task_id}/task-items/{task_item_id}/escalations/route, app/api/routes/review_actions.py:579) refuses routing a dispute on an item where the caller authored a current submission: 403 with a message that names the reason. Today it checks only the DISPUTE capability. (From SCRUM-86.)
# No override: both rules apply to administrators too (api_surfaces.md, ""no administrator or reviewer override"").
# A finalised item's submissions are refused this way; reopening stays SCRUM-110's owner-only path.
# A reviewer who returned a submission may still review its resubmission, and an earlier approver may approve a resubmission (approvals count since the last submission, PR #35).
# Tests, each failing on the old behaviour:
#* a repeat accept under single sign-off, a decision on a fully approved submission, a self-return, a self-escalate and a reject after canonicalisation are each refused;
#* an annotator who routes a dispute on their own item is refused, and so is an administrator who annotated it; a reviewer routing someone else's item still succeeds.

Issue 7 (Critical) closes when this ticket and SCRUM-99 are both done.

Collaboration:
- SCRUM-110 (D9, Jingwei): lands after this one — this ticket closes the accidental reopen, SCRUM-110 adds the owner's.
- SCRUM-99 (E3, Yi): the deciding half of issue 7, on decide_escalation. Use the same wording for the refusal.
- SCRUM-109 (D2, Parth) and SCRUM-24 (B4, PR #41) change the same function; agree the merge order.{noformat}",,Jason Wang,,712020:93390656-829d-45f1-9908-d965a5930c17,,,,,,,,,,{},,0|i0001b:vz6,Mid-semester Break,,1.0,,,,10042,SCRUM-14,"Review, Dispute & Adjudication",To Do,27/Sep/26 6:14 PM
Organisation Management: Invitee accepts a pending invitation; role chosen at invitation,SCRUM-115,10175,Task,To Do,SCRUM,CS-57,software,Jason Wang,712020:93390656-829d-45f1-9908-d965a5930c17,,Medium,,Tim Chung,712020:2c5fbefd-b0d1-4404-a667-67013b327abe,Jason Wang,712020:93390656-829d-45f1-9908-d965a5930c17,Jason Wang,712020:93390656-829d-45f1-9908-d965a5930c17,26/Sep/26 10:56 PM,30/Sep/26 6:26 PM,26/Sep/26 10:59 PM,,,0,"{noformat}Related to user story J3

BACKEND AND FRONTEND

Split from SCRUM-90 on 2026-09-26 at the review of PR #28: SCRUM-90 criterion 4, plus the client's answer to Q5 (2026-09-14), which never reached SCRUM-90's description.

# An administrator chooses one or more roles when inviting. The invite form has no preselected role and cannot be sent without one; the invite API refuses a request without roles (422) and any role the administrator may not assign.
# The chosen roles are stored with the invitation, and accepting grants exactly those roles. A reissued invitation keeps them unless the administrator changes them.
# As an invitee, I see my pending invitations (GET /invitations: organisation, who invited me, when, expiry and the roles offered). Expired ones are not listed.
# I accept one from that list. Accepting is by invitation id for the signed-in invitee, who must be the invited user; the token route stays for links. Expired, removed or someone else's invitation is refused with the API's own message.
# After accepting, the organisation and its projects appear for me without signing out.
# Tests: invite without a role is refused; accept grants the invited roles; accepting someone else's invitation is refused; a web test accepts from the list.
{noformat}",,Jason Wang,,712020:93390656-829d-45f1-9908-d965a5930c17,,,,,,,,,,{},,0|i000nq:,"W8 Route work, record decision",,2.0,,,,10046,SCRUM-18,Organisation Management,To Do,30/Sep/26 6:26 PM
"Work queues: item workspace panel — independence, refusals and S10 (WEB)",SCRUM-114,10174,Task,In Review,SCRUM,CS-57,software,Jason Wang,712020:93390656-829d-45f1-9908-d965a5930c17,,Medium,,Jason Wang,712020:93390656-829d-45f1-9908-d965a5930c17,Jason Wang,712020:93390656-829d-45f1-9908-d965a5930c17,Jason Wang,712020:93390656-829d-45f1-9908-d965a5930c17,26/Sep/26 3:44 AM,30/Sep/26 11:20 PM,30/Sep/26 11:19 PM,,,0,"{noformat}Related to user story D8

FRONTEND

Split from SCRUM-93 on 2026-09-26: this ticket is the item workspace panel that an item opens in. The available-work list is SCRUM-93 (Kanishka). To keep the two branches apart, this ticket changes only components/task-item-workspace-sheet.tsx, lib/task-workspace-data.ts and lib/api/task-items.ts, and does not build the list.

# The existing ""X is annotating this item"" block is removed: several annotators per item is the rule now, each with their own draft.
# Fix S10: on a returned or rejected item, Save draft must keep what the annotator typed.
# An annotator does not see other annotators' submissions on the item before submitting their own (client answer, 2026-09-21). The API already hides them (PR #35), and the panel does not show another person's draft, read-only or otherwise. Hydration's fallback to a colleague's draft when the viewer has none is removed by SCRUM-113 (PR #44), which gives the Review tab its own read.
# Show the refusals the API gives, in its own words. A submission on a full item is refused (409, ""Human annotation submission limit reached for this item (2/2).""), and so is a person's submission on an AI-assisted item the AI has annotated (409). The panel must not report either as submitted, nor update the item as if it were.

S10, found in SCRUM-26's manual walkthrough: on a returned item, editing the answer and clicking Save draft reverts the editor to the previously submitted answer and saves that instead; submitting directly works. Two causes:
- selectDraftForViewer (lib/task-workspace-data.ts) prefers the viewer's submitted draft over their pending one, and after rework an item has both. Prefer the viewer's own pending draft.
- The editor's initialising effect (components/task-item-workspace-sheet.tsx) is keyed on the whole item object, so any re-render discards unsaved typing. Key it on item.id, or leave the editor alone once it is dirty.
With several annotators per item, picking the wrong draft could show another annotator's work.

Already done in PR #35, so not part of this ticket: the panel sends the submission it shows (from #34), and shows ""awaiting_other_submissions"" without marking the item approved.

PR #43. Built on PR #35 (independence on reads, refusals on submit). SCRUM-113 (W8, PR #44) edits this same panel and is stacked on this PR.{noformat}",,Jason Wang,,712020:93390656-829d-45f1-9908-d965a5930c17,,,,,,,,,,{},,0|i0001b:wu,"W8 Route work, record decision",,1.5,,,,10042,SCRUM-14,"Review, Dispute & Adjudication",In Progress,29/Sep/26 3:04 PM
Review: choose which submission to review on a multi-annotator item (WEB),SCRUM-113,10173,Task,In Review,SCRUM,CS-57,software,Jason Wang,712020:93390656-829d-45f1-9908-d965a5930c17,,Medium,,Jason Wang,712020:93390656-829d-45f1-9908-d965a5930c17,Jason Wang,712020:93390656-829d-45f1-9908-d965a5930c17,Jason Wang,712020:93390656-829d-45f1-9908-d965a5930c17,26/Sep/26 3:33 AM,30/Sep/26 11:19 PM,30/Sep/26 11:19 PM,,,0,"{noformat}Related to user story D8, D4

FRONTEND

Split from SCRUM-93 on 2026-09-26. An item holds one submission per annotator, each reviewed on its own, and one reviewer may review every submission on an item they did not annotate (decisions of 2026-09-25). The review panel today shows one submission per item and cannot move to another.

# The panel's Review tab reads the review queue itself (GET /tasks/{task_id}/work-queue/review) and lists the item's submissions that await the reviewer (awaiting_review_annotation_ids), by author. A failed read is shown as a failure, not as ""nothing awaits you"" — a caller without the review capability gets 403.
# The reviewer picks one. The panel opens it with GET /tasks/{task_id}/task-items/{item_id}/adjustment?annotation_id=<id>, which returns that submission's answer, its author and its own latest review.
# The decision is sent with that annotation_id, so it is recorded against the submission on screen.
# After a decision, the panel moves to the next awaiting submission on the item, or back to the queue when none is left. An accept that leaves the item open returns next_ui_status ""awaiting_other_submissions"" (already handled since PR #35).
# Item hydration no longer falls back to a colleague's draft when the viewer has none: the Review tab reads the chosen submission instead, so no colleague's name or answer reaches the item lists.
# A reviewer who annotated the item is never offered it, and the API refuses naming a submission that is not current on the item (404). The screen needs no rule of its own for either.
# A web test: an item with two awaiting submissions; the reviewer decides on the second one, and the request carries its annotation_id.

PR #44, stacked on PR #43 (SCRUM-114), because both edit components/task-item-workspace-sheet.tsx; it is retargeted to main once #43 merges. Built on PR #35 (queue rows, per-submission review) and PR #34 (review names its annotation). It does not depend on SCRUM-93's list: the list opens an item and hands the panel nothing else.

D7 (SCRUM-51) samples items for a second review into this same per-submission review queue, so a second reviewer uses this screen too.{noformat}",,Jason Wang,,712020:93390656-829d-45f1-9908-d965a5930c17,,,,,,,,,,{},,0|i000ks:,"W8 Route work, record decision",,1.0,,,,10042,SCRUM-14,"Review, Dispute & Adjudication",In Progress,29/Sep/26 3:32 PM
Task lifecycle: Choose the annotation surface per task (annotation_type),SCRUM-112,10172,Task,Done,SCRUM,CS-57,software,Jason Wang,712020:93390656-829d-45f1-9908-d965a5930c17,,Medium,Done,Yi Geng,712020:e5fd85d6-6a93-421a-98d0-d5e4be368d13,Jason Wang,712020:93390656-829d-45f1-9908-d965a5930c17,Jason Wang,712020:93390656-829d-45f1-9908-d965a5930c17,24/Sep/26 4:43 PM,28/Sep/26 3:30 PM,30/Sep/26 2:04 AM,28/Sep/26 3:30 PM,,0,"{code:sql}Related to user story B8

BACKEND AND FRONTEND

Added 2026-09-24 from the client's answer R2-6, which accepted our proposal. Follow-on to B3 (SCRUM-85).

Today task_class, task_type and task_subtype decide the result format and which previewer and editor the draft and review pages use. Drafts and annotations already carry an annotation_type column (DraftDB, AnnotationDB), and _normalize_annotation_payload (app/api/routes/tasks.py:711) already maps results by it — but annotation_type is not a task-level setting. Subtype presets live in app/core/annotation_schemas.py and TASK_SUBTYPE_OPTIONS in components/task-create-form.tsx.

Client answer: ""The subtype can therefore become an optional starting template rather than part of the task ontology. Using a task-level annotation_type to select the compatible renderer/editor is reasonable. I would think of this as the human annotation surface / result representation, not as the task itself. A genuinely new type only needs explicit implementation when it requires a new interaction surface or different system behaviour.""

# First, an ADR in docs/adr/: annotation_type is the annotation surface, the subtype is a template. List the supported annotation types — one per editor that exists today — and the output-schema shape each accepts.
# TaskDB gains annotation_type, chosen on the task form from the supported list. Existing tasks are migrated from their current subtype so nothing changes for them.
# Backend result mapping and the frontend editor choice on the draft and review pages both read the task's annotation_type instead of task_subtype. Drafts and annotations take their annotation_type from the task.
# Subtype presets stay as optional, editable starting points for instructions and output schema. Choosing one no longer fixes the editor.
# A task whose output schema the chosen editor cannot render is refused at creation with a clear reason.
# No new editors are built here.
# Tests: a task's drafts and review page use the editor its annotation_type names; an incompatible schema is refused; a task created before the migration still opens in the editor it used before.
{code}",,Jason Wang,,712020:93390656-829d-45f1-9908-d965a5930c17,,,,,,,,,,{},,0|i000n6:,"W8 Route work, record decision",,2.0,,,,10039,SCRUM-11,"Project, Policy & Task Lifecycle",Done,28/Sep/26 3:30 PM
Task lifecycle: Import a JSONL dataset as one item per record,SCRUM-111,10171,Task,In Review,SCRUM,CS-57,software,Jason Wang,712020:93390656-829d-45f1-9908-d965a5930c17,,Medium,,Yi Geng,712020:e5fd85d6-6a93-421a-98d0-d5e4be368d13,Jason Wang,712020:93390656-829d-45f1-9908-d965a5930c17,Jason Wang,712020:93390656-829d-45f1-9908-d965a5930c17,24/Sep/26 4:38 PM,30/Sep/26 11:19 PM,30/Sep/26 11:19 PM,,,0,"{noformat}Related to user story B7

BACKEND AND FRONTEND (the browser intake workflow — select, configure, preview, submit — was added in PR #42; the ticket first said backend only)

Added 2026-09-24 from the client's follow-up answer to R1-1. Found by Yi: the text picker lists .jsonl, but upload_texts (app/api/routes/uploads.py:272) makes one task item per uploaded file — the whole file becomes one payload_preview and external_item_ref is the file name. FewNERD records had to be copied into separate .txt files by hand.

Client answer: ""Direct import of the provided JSONL datasets should be in scope. A JSONL file should not be treated as one task item. [...] each record should become an item."" And: ""The annotation target should be determined by the task/schema, not by the AI."" The model is: source record -> task/schema projection -> annotation payload. No universal data-mapping engine.

Updated 2026-09-30 at review of PR #42: criteria 3–5 changed by the decisions recorded at the end.

# An ADR in docs/adr/ (the client's required format, adr00N_short_title.md). The ticket offered two options: the task owner names the payload field in the task configuration, or supported task types ship a fixed adapter. PR #42 chose a third: the uploader picks the fields per file at upload time, recorded on each item. The ADR records that choice, its trade-off against the other two (the task itself does not state its input, and two uploads to one task may project differently), and the departures below.
# A .jsonl upload creates one task item per record, not one per file; JSON arrays and CSV rows likewise. A malformed line fails the whole upload with the line number — registration stays all-or-nothing through register_dataset (B5).
# Each item can be traced to its exact source record. The source file is stored once, and each item records it together with the record number and SHA-256 hashes of the source and of the projected input. Items are named file#N; the record's own external_item_ref, split and source_record_id are recovered from the stored source by record number rather than copied onto the item.
# The payload given to the annotator and sent to the AI is the projection chosen for that file: selected fields, or the full record.
# Evaluation-only fields such as gold_annotations are the uploader's responsibility for now: the platform does not detect or exclude them, and the ADR says so. Whatever is selected, the stored source file — which holds every record's evaluation fields — is never reachable by annotators or reviewers, neither through item or review reads nor through the unauthenticated /uploads download. It stays available to the evaluation harness (I1, SCRUM-68/69) through the source reference and record number.
# The source reference identifies the exact source and version used: source_version_ref records the source file's hash, the record number and the input hash, not ""v1"" (client answer R2-5).
# Plain .txt uploads keep working as today: one file, one item.
# Tests with the FewNERD sample (dataset/text_dataset/fewnerd in the capstone folder, outside the repo — copy a few records into a test fixture): N records give N items; with payload_preview.text selected, it is the annotation payload and no item input contains gold_annotations; the source file cannot be fetched by an annotator; a malformed line leaves nothing behind.

Decided during review of PR #42 (2026-09-30):
- Projection is chosen per file at upload time and recorded per item, not stored on the task.
- full_record, and selecting evaluation-only fields, are allowed; keeping them out is the uploader's responsibility. A task-level exclusion list is a possible follow-up.
- Items are named file#N; the record's own identifiers stay in the stored source.
- The intake audit row lists every item name, which overflows String(4000) on PostgreSQL. audit_logs.old_values and new_values become JSON (JSONB on PostgreSQL). The startup migration that converts them changes the rule that development PostgreSQL databases are disposable, so db_schema_strategy.md is updated in the same change.{noformat}",,Jason Wang,,712020:93390656-829d-45f1-9908-d965a5930c17,,,,,,,,,,{},,0|i000n5:,"W8 Route work, record decision",,2.0,,,,10039,SCRUM-11,"Project, Policy & Task Lifecycle",In Progress,25/Sep/26 11:58 PM
Review: Project owner reopens a finalised item,SCRUM-110,10170,Task,To Do,SCRUM,CS-57,software,Jason Wang,712020:93390656-829d-45f1-9908-d965a5930c17,,Medium,,Jingwei Lin,712020:a3a41120-888a-4688-8ba9-1762665aa1c0,Jason Wang,712020:93390656-829d-45f1-9908-d965a5930c17,Jason Wang,712020:93390656-829d-45f1-9908-d965a5930c17,24/Sep/26 4:37 PM,30/Sep/26 11:07 PM,30/Sep/26 11:04 PM,,,0,"{noformat}Related to user story D9

BACKEND AND FRONTEND

Added 2026-09-24 from the client's answer R2-3. D5 (SCRUM-26, SCRUM-28) built the refusal: a finalised item refuses every new draft, edit and submission. This ticket builds the deliberate way back. Updated 2026-09-30 before work starts: task lifecycle (PR #41), rounds of work, provenance while F1 is in W11, and the function shared with SCRUM-99.

Client answer: ""The project owner may reopen a finalised item directly. [...] A reopened item returns to the normal open workflow, rather than simply resuming at the previous review step. The previous finalised answer must remain in history as a superseded version. It should never be overwritten.""

Out of scope (Hanchen's reply to the client, 2026-09-24): requests to reopen from annotators, reviewers and experts. Only the project owner reopens.

# A reopen action on a canonicalized task item, allowed only to a user holding the MANAGE_PROJECT capability (app/core/permissions.py — task_owner and admin today). Everyone else is refused on the backend with 403, not only hidden in the UI. The item must be canonicalized and its task active (SCRUM-24, PR #41: completed is terminal and only an active task accepts work); otherwise 409 with the reason.
# The reopen requires a reason and records who reopened, when and why.
# The finalised answer is marked superseded, never edited or deleted, and stays visible in the item's history. Every annotation of the finished round, human and AI, and its reviews become an earlier round: no longer the latest (is_latest exists on annotations), and linked to the reopen that superseded them. Use the same supersession model as SCRUM-38 (F3).
# The item leaves canonicalized and returns to the open workflow: it appears in the available-work list (D8) for new annotation, and its annotation and review requirements count afresh for the new round. Today's code counts every round, so this needs changing wherever submissions are counted:
#* human_submitter_ids and human_submitter_ids_by_item (app/services/submission_rules.py:34, :52) count every annotation row on the item, so a reopened item would show ""3 of 3"" and never be offered again;
#* first_pass_complete (submission_rules.py:151) treats an existing AI annotation as the finished first pass, so a reopened AI-assisted item would go straight back to review;
#* the review queue and the approvals-since-submission rule (PR #35) must read only the new round's submissions and reviews.
# A resubmission after a reopen creates a new annotation version and leaves the superseded one unchanged. Today DraftService rewrites the author's existing annotation in place (app/services/draft_service.py:360, ""each user keeps one annotation per item""), which would overwrite the finalised answer when someone who annotated the earlier round annotates again.
# AI-assisted tasks: decide in the PR whether a reopened item's new round is human work or gets a new AI pass, and record the decision. Recommended: human work — the client's ""normal open workflow"" — with no automatic AI re-run.
# The finalised-item guard (TaskItemFinalisedError, app/services/task_service.py:194) still refuses writes to items that are finalised; its message ""Reopening a finalised item is not available yet."" is updated to point at the reopen action.
# Provenance: F1's event record (SCRUM-98) moved to W11 and does not exist yet. Record the reopen through one helper that writes an item_reopened history row with the actor, reason and superseded annotation ids — the pattern of record_item_taken (app/services/task_history_recorder.py:66) — so F1 migrates it in one place.
# One reopen function, shared with SCRUM-99's Return outcome, e.g. reopen_task_item(db, item, *, actor_id, reason, cause). It does no permission check: the owner's reopen route checks MANAGE_PROJECT, and the adjudication route checks ADJUDICATE. cause tells an owner's reopen from an adjudication's Return in the history.
# Frontend: a Reopen button on the finalised-item view, shown to the project owner only, asking for a reason. The superseded answer is shown in the item's history. The view is in components/task-item-workspace-sheet.tsx, which PR #43 (SCRUM-114) and PR #44 (SCRUM-113) rewrite — build the button after both merge.
# Tests:
#* refused: a reviewer's or annotator's reopen (403), a reopen without a reason, a reopen of an item that is not canonicalized or whose task is not active (409);
#* the owner's reopen keeps the old answer as superseded and unchanged, and the item is offered again at 0 of N;
#* someone who annotated the earlier round submits again: a new version is created and the superseded annotation is unchanged;
#* a reopened AI-assisted item is not sent straight to review;
#* the history shows the reopen with its actor and reason.

Collaboration:
- SCRUM-116 (D1, D5, D8): refuses review decisions on a finalised item, which today lets a reviewer's reject reopen it by accident. It lands first: it closes the accidental path, this ticket adds the owner's.
- SCRUM-38 (F3): agree the supersession fields on day one — this ticket is their first writer.
- SCRUM-99 (E3, Yi): Return calls reopen_task_item once this lands. Until then it sets the item back to open work directly. Agree the signature on day one.
- SCRUM-24 (B4, Dishank, PR #41): the active-only rule and assert_task_accepts_work come from it. If #41 has not merged, build on its branch's function.
- SCRUM-114 / SCRUM-113 (PR #43, #44): the frontend part follows their merge.{noformat}",,Jason Wang,,712020:93390656-829d-45f1-9908-d965a5930c17,,,,,,,,,,{},,0|i0001b:vz3,Mid-semester Break,,2.0,,,,10041,SCRUM-13,Annotation & Human Judgement,To Do,24/Sep/26 4:37 PM
"Review: Review actions always move item status, and state cannot diverge from history",SCRUM-109,10137,Task,To Do,SCRUM,CS-57,software,Jason Wang,712020:93390656-829d-45f1-9908-d965a5930c17,,Medium,,Parth,712020:31379b73-52b1-497c-adec-f657d3cf3124,Jason Wang,712020:93390656-829d-45f1-9908-d965a5930c17,Jason Wang,712020:93390656-829d-45f1-9908-d965a5930c17,22/Sep/26 12:32 AM,30/Sep/26 11:20 PM,30/Sep/26 11:31 PM,,,0,"{noformat}Related to user story D2

ONLY BACKEND

SCRUM-29 closed D2's first part: the legacy review writes return 410 (PR #6). D2's subtasks 2 and 4 have no code yet, so this ticket carries them. Not started by the end of W8 (2026-09-30); carried over.

# Every review action moves the task item to the status it implies, in the same write — no action leaves the item where it was.
# A test proves item status and review history cannot diverge: after any sequence of review actions, the item's status matches what its latest decision implies.

Same file as SCRUM-86 (review_actions.py): land after SCRUM-86, or in the same PR.

------------------------------------------------------------------
Added 2026-09-27 from the D8 browser walkthrough on CS57-KANISHKA: a submission also moves item status, and it currently ignores the item's other submissions.

# A submission sets the item's status from all of its submissions, the same way an accept does: ""returned"" or ""rejected"" while any submission is back with its author, otherwise ""annotated"". Today _advance_task_item_to_annotated_on_submit sets ""annotated"" regardless, so an item whose one submission is returned reads ""annotated"" as soon as another annotator submits. The accept path already computes it (item_status_after_accept): share that computation with the human and AI submission paths.
# The divergence test covers sequences of submissions as well as review actions: return one submission, then another annotator submits — the item stays ""returned"".

The queues are not affected (they read review states), but the item's status, the panel's notices and SCRUM-89's figures read it.

------------------------------------------------------------------
Collaboration (added 2026-09-30): four other changes touch submit_task_item_review_action and the item-status computation. Agree the merge order before starting.
- SCRUM-116 (break): refuses a decision on a submission that does not await the caller, and any decision on a finalised item.
- SCRUM-99 (E3, Yi, break): the adjudication record; its Return sends the item back to open work.
- SCRUM-110 (D9, break): the owner's reopen. It makes status and counts read only the current round of work, so the shared status computation here must use the same rounds.
- SCRUM-24 (B4, Dishank, PR #41): adds assert_task_accepts_work to the review action (active tasks only).{noformat}",,Jason Wang,,712020:93390656-829d-45f1-9908-d965a5930c17,,,,,,,,,,{},,0|i0001b:wq,"W8 Route work, record decision",,1.5,,,,10042,SCRUM-14,"Review, Dispute & Adjudication",To Do,22/Sep/26 12:32 AM
"Release: Show real releases, policy and history on the project screens",SCRUM-108,10136,Task,To Do,SCRUM,CS-57,software,Jason Wang,712020:93390656-829d-45f1-9908-d965a5930c17,,Medium,,,,Jason Wang,712020:93390656-829d-45f1-9908-d965a5930c17,Jason Wang,712020:93390656-829d-45f1-9908-d965a5930c17,22/Sep/26 12:15 AM,22/Sep/26 12:16 AM,,,,0,"{noformat}Related to user story H6

Replaces SCRUM-67 (deleted 2026-09-22 with its parent SCRUM-42). Planned for W11.

# The project export list and individual export view show real releases produced by H1.
# The project policy screen shows the policy actually in force, as set in B2, and the governance posture from G2.
# Verify rather than rebuild: the task history and setup screens already read that task's real activity.
# Figures on these screens agree with the task screen and the dashboard.

Needs H1 and H2 — there are no real releases to display until they exist.
{noformat}",,Jason Wang,,712020:93390656-829d-45f1-9908-d965a5930c17,,,,,,,,,,{},,0|i000mv:,W11,,2.0,,,,10045,SCRUM-17,Dataset Release & Export,To Do,22/Sep/26 12:15 AM
Dispute: Make the escalation posture configurable and enforced,SCRUM-107,10135,Task,To Do,SCRUM,CS-57,software,Jason Wang,712020:93390656-829d-45f1-9908-d965a5930c17,,Medium,,Jingwei Lin,712020:a3a41120-888a-4688-8ba9-1762665aa1c0,Jason Wang,712020:93390656-829d-45f1-9908-d965a5930c17,Jason Wang,712020:93390656-829d-45f1-9908-d965a5930c17,22/Sep/26 12:15 AM,26/Sep/26 1:13 AM,25/Sep/26 8:54 PM,,,0,"{noformat}Related to user story E5

Replaces SCRUM-60 (deleted 2026-09-22 with its parent SCRUM-36). Planned for W11, after G2.

# The escalation posture can be set when configuring a project or task.
# Where an expert gate is required, an item cannot complete without an expert decision.
# The posture in force is visible on the project.

The gate values already exist on OrganizationPolicyDB and are never enforced. Read them through SCRUM-50's resolved-policy contract (resolve_for_task), not from the policy tables directly; the enforcement itself is G2.
{noformat}",,Jason Wang,,712020:93390656-829d-45f1-9908-d965a5930c17,,,,,,,,,,{},,0|i000mn:,W11,,2.0,,,,10042,SCRUM-14,"Review, Dispute & Adjudication",To Do,22/Sep/26 12:15 AM
Provenance: Show an item's whole timeline on one screen,SCRUM-106,10134,Task,To Do,SCRUM,CS-57,software,Jason Wang,712020:93390656-829d-45f1-9908-d965a5930c17,,Medium,,,,Jason Wang,712020:93390656-829d-45f1-9908-d965a5930c17,Jason Wang,712020:93390656-829d-45f1-9908-d965a5930c17,22/Sep/26 12:14 AM,22/Sep/26 12:15 AM,,,,0,"{noformat}Related to user story F5

Replaces SCRUM-63 (deleted 2026-09-22 with its parent SCRUM-39). Planned for W11.

# Show the item's timeline in order: annotation, reviews, disputes, adjudication.
# Each entry shows who, when and what changed.
# The timeline is reachable from the review screen without losing the reviewer's place.

Needs F1's events and shows supersession as F3 records it.
{noformat}",,Jason Wang,,712020:93390656-829d-45f1-9908-d965a5930c17,,,,,,,,,,{},,0|i000mf:,W11,,2.0,,,,10044,SCRUM-16,Provenance & Audit History,To Do,22/Sep/26 12:14 AM
Release: Refuse a release that fails its pre-release checks,SCRUM-105,10133,Task,To Do,SCRUM,CS-57,software,Jason Wang,712020:93390656-829d-45f1-9908-d965a5930c17,,Medium,,,,Jason Wang,712020:93390656-829d-45f1-9908-d965a5930c17,Jason Wang,712020:93390656-829d-45f1-9908-d965a5930c17,22/Sep/26 12:13 AM,22/Sep/26 12:20 AM,,,,0,"{noformat}Related to user story H3

Replaces SCRUM-66 (deleted 2026-09-22 with its parent SCRUM-42). Planned for W10.

# The checks run before anything is produced — a failure means no release is created.
# Refuse on unreviewed items, incomplete provenance, superseded versions, or open disputes.
# Name the items that caused the refusal and why.
# Check against the recorded decisions, never against someone asserting that review happened.

Uses H4's canonical-value rule (SCRUM-37) to recognise superseded versions.
{noformat}",,Jason Wang,,712020:93390656-829d-45f1-9908-d965a5930c17,,,,,,,,,,{},,0|i000m7:,W10,,2.0,,,,10045,SCRUM-17,Dataset Release & Export,To Do,22/Sep/26 12:13 AM
Release: Produce a manifest for every release,SCRUM-104,10132,Task,To Do,SCRUM,CS-57,software,Jason Wang,712020:93390656-829d-45f1-9908-d965a5930c17,,Medium,,,,Jason Wang,712020:93390656-829d-45f1-9908-d965a5930c17,Jason Wang,712020:93390656-829d-45f1-9908-d965a5930c17,22/Sep/26 12:13 AM,22/Sep/26 12:20 AM,,,,0,"{noformat}Related to user story H2

Replaces SCRUM-65 (deleted 2026-09-22 with its parent SCRUM-42). Planned for W10.

# The manifest carries item count, the guideline and source versions covered, when it was produced and by whom.
# Each item in the release points to its provenance record.
# The release's contents can be checked against the manifest independently.

Needs F1 (provenance pointers) and F2 (versions). Written only after H3's gate passes.
{noformat}",,Jason Wang,,712020:93390656-829d-45f1-9908-d965a5930c17,,,,,,,,,,{},,0|i000lz:,W10,,2.0,,,,10045,SCRUM-17,Dataset Release & Export,To Do,22/Sep/26 12:13 AM
Dispute: Connect the dispute and arbitration screens,SCRUM-103,10131,Task,To Do,SCRUM,CS-57,software,Jason Wang,712020:93390656-829d-45f1-9908-d965a5930c17,,Medium,,Jingwei Lin,712020:a3a41120-888a-4688-8ba9-1762665aa1c0,Jason Wang,712020:93390656-829d-45f1-9908-d965a5930c17,Jason Wang,712020:93390656-829d-45f1-9908-d965a5930c17,22/Sep/26 12:12 AM,26/Sep/26 2:16 PM,,,,0,"{noformat}Related to user story E6

Replaces SCRUM-61 (deleted 2026-09-22 with its parent SCRUM-36). Planned for W10, alongside SCRUM-52's E6 part.

# The project dispute list, the individual dispute view and the arbitration view show real cases from the backend, scoped to what the viewer may see.
# Build or delete the three routes that return notFound() — /disputes/[id], /arbitration/[id] and /exports/[id] — and record which and why.
# Verify rather than rebuild: the task dispute and finalized desks already read live data.
# An action taken on these screens changes real state, and the change survives a refresh.
{noformat}",,Jason Wang,,712020:93390656-829d-45f1-9908-d965a5930c17,,,,,,,,,,{},,0|i000lr:,W10,,2.0,,,,10042,SCRUM-14,"Review, Dispute & Adjudication",To Do,22/Sep/26 12:12 AM
Release: Create an immutable release artefact,SCRUM-102,10130,Task,To Do,SCRUM,CS-57,software,Jason Wang,712020:93390656-829d-45f1-9908-d965a5930c17,,Medium,,,,Jason Wang,712020:93390656-829d-45f1-9908-d965a5930c17,Jason Wang,712020:93390656-829d-45f1-9908-d965a5930c17,22/Sep/26 12:10 AM,22/Sep/26 12:20 AM,,,,0,"{noformat}Related to user story H1

Replaces SCRUM-64 (deleted 2026-09-22 with its parent SCRUM-42). Planned for W9.

Today's export list is derived live from task status (project_exports_service.py) — nothing is ever written or frozen. There is no release object at all; this is the largest greenfield build in the project.

# A release record stores the items as they were at the moment of release.
# Later changes to the underlying items leave an existing release untouched.
# Each release has a stable identifier and an artefact that can be downloaded again unchanged.
{noformat}",,Jason Wang,,712020:93390656-829d-45f1-9908-d965a5930c17,,,,,,,,,,{},,0|i000lj:,W9,,2.0,,,,10045,SCRUM-17,Dataset Release & Export,To Do,22/Sep/26 12:10 AM
Dispute: Detect reviewer disagreement automatically,SCRUM-101,10129,Task,To Do,SCRUM,CS-57,software,Jason Wang,712020:93390656-829d-45f1-9908-d965a5930c17,,Medium,,Yi Geng,712020:e5fd85d6-6a93-421a-98d0-d5e4be368d13,Jason Wang,712020:93390656-829d-45f1-9908-d965a5930c17,Jason Wang,712020:93390656-829d-45f1-9908-d965a5930c17,22/Sep/26 12:10 AM,29/Sep/26 3:52 PM,29/Sep/26 3:52 PM,,,0,"

{noformat}Related to user story E1

Replaces SCRUM-57 (deleted 2026-09-22 with its parent SCRUM-36). Planned for W9, with D7's sampling (SCRUM-51).

# Detect conflicting independent reviews on the same item and open a dispute without anyone reporting it — using the dispute record E3 defines in W8.
# The dispute shows both conflicting decisions and who made them.
# Disputed items are listed in one place, scoped to what the viewer may see.
# Disputed items are excluded from release until resolved.

Needs D7's second review and disagreement flag (SCRUM-51, W8) and D8's queues.
{noformat}",,Jason Wang,,712020:93390656-829d-45f1-9908-d965a5930c17,,,,,,,,,,{},,0|i0001b:vzf,Mid-semester Break,,1.0,,,,10042,SCRUM-14,"Review, Dispute & Adjudication",To Do,22/Sep/26 12:10 AM
Dispute: Keep the disagreement after the dispute is resolved,SCRUM-100,10128,Task,To Do,SCRUM,CS-57,software,Jason Wang,712020:93390656-829d-45f1-9908-d965a5930c17,,Medium,,Yi Geng,712020:e5fd85d6-6a93-421a-98d0-d5e4be368d13,Jason Wang,712020:93390656-829d-45f1-9908-d965a5930c17,Jason Wang,712020:93390656-829d-45f1-9908-d965a5930c17,22/Sep/26 12:07 AM,29/Sep/26 3:52 PM,23/Sep/26 6:52 PM,,,0,"Replace subtask 59

{noformat}Related to user story E4

Replaces SCRUM-59 (deleted 2026-09-22 with its parent SCRUM-36). Moved forward from W10 to W8 on 2026-09-21.

# Resolving a dispute adds a resolution record; it never deletes or overwrites the conflicting decisions.
# A resolved item's history still shows the original disagreement.
# Reports can tell a contested item from a unanimous one.
# A test proves that resolving a dispute deletes and overwrites nothing.
{noformat}",,Jason Wang,,712020:93390656-829d-45f1-9908-d965a5930c17,,,,,,,,,,{},,0|i0001b:vzd,Mid-semester Break,,1.0,,,,10042,SCRUM-14,"Review, Dispute & Adjudication",To Do,22/Sep/26 12:21 AM
Dispute: Record an expert adjudication as its own decision,SCRUM-99,10127,Task,To Do,SCRUM,CS-57,software,Jason Wang,712020:93390656-829d-45f1-9908-d965a5930c17,,Medium,,Yi Geng,712020:e5fd85d6-6a93-421a-98d0-d5e4be368d13,Jason Wang,712020:93390656-829d-45f1-9908-d965a5930c17,Jason Wang,712020:93390656-829d-45f1-9908-d965a5930c17,22/Sep/26 12:06 AM,30/Sep/26 11:30 PM,30/Sep/26 11:29 PM,,,0,"

{noformat}Related to user story E3, D1

ONLY BACKEND

Replaces SCRUM-58 (deleted 2026-09-22 with its parent SCRUM-36). Moved forward from W10 to W8 on 2026-09-21, then to the mid-semester break, Yi (board, 2026-09-28/30). Updated 2026-09-30: SCRUM-86's deciding half (D1, issue 7) is folded in here; line numbers are on main e367ebd.

Rescoped 2026-09-24 by the client's answer R2-1, which corrects the answer of 2026-09-17: an adjudication does NOT go back to a reviewer. It is final for that dispute.

Client answer: ""I would expect three expert actions: Accept: accept one of the existing judgements as the resolved answer. Return: none of the existing judgements is satisfactory; return the item, with a reason, to the normal open workflow for new annotation/review. The previous dispute remains in its lineage. Reject: reject the disputed result/dispute as a valid resolution. It does not proceed automatically to another review stage. The expert's adjudication is therefore final for that dispute. Only a Return reopens the item. Also, 'resolved' does not necessarily mean that one answer won. An item may be resolved as genuinely ambiguous/unresolved.""

# An adjudication is its own record, separate from the escalation that requested it. Today decide_escalation (app/api/routes/review_actions.py:658) writes the decision onto the escalation row itself (decision, decision_note, decided_by, decided_at).
# It references the task item, the dispute (escalation) and the conflicting decisions it resolves, with who decided and when.
# The outcome is one of accept, return or reject. It replaces decision: Literal[""finalize"", ""send_back""] (app/schemas/review_actions.py:89) and _map_escalation_decision_to_task_item_status (review_actions.py:137).
#* accept — names one of the existing judgements (an annotation id) as the resolved answer. The item is canonicalized through the adjudication, and the adjudication records which judgement it selected.
#* return — the item goes back to the normal open workflow for new annotation and review: not to the previous reviewer, and not only to the original annotator. The dispute stays in the item's lineage. Until SCRUM-110 (D9, the owner's reopen) lands, set the item back to open work directly; once it lands, call its reopen function.
#* reject — the dispute is closed without a winner. The item is left unresolved and nothing follows automatically. SCRUM-100 records this as its own ""unresolved / ambiguous"" outcome.
# A reason is required for every outcome (client answer R2-4: the reason is part of the provenance record). note is optional today.
# The adjudication is final: an item whose dispute has been adjudicated cannot be sent to adjudication again for that dispute. Only a return reopens the item.
# The adjudicator may not have annotated or reviewed the disputed work (client answer R2-8), administrators included — no override (api_surfaces.md). Refused with 403 and a message that names the reason. This is also D1's criterion 3 on this path (issue 7): decide_escalation checks only ADJUDICATE today, and SCRUM-86 was folded into this ticket and SCRUM-116 on 2026-09-30.
# expert_send_back: decide whether the status is still reached now that send_back becomes return, and update or remove ensure_expert_send_back_status (task_item_status_resolution.py) and its callers accordingly. Record the decision in the PR.
# Tests, each failing on the old behaviour where there was one: each outcome produces its record and item status; an outcome without a reason is refused; an adjudicator who annotated the item is refused, and so is one who reviewed it, and so is an administrator who annotated it; a second adjudication of the same dispute is refused; the conflicting decisions are still readable afterwards.

Issue 7 (Critical) closes when this ticket and SCRUM-116 are both done.

Collaboration:
- SCRUM-100 (E4, Yi, same week): the resolution adds and never overwrites; the reject outcome is its ""unresolved"" case. Can land in the same PR.
- SCRUM-110 (D9, Jingwei): one reopen function, e.g. reopen_task_item(db, item, *, actor_id, reason, cause), with no permission check inside; Return calls it once it lands. Agree the signature on day one.
- SCRUM-116 (Jingwei): the routing half of issue 7. Use the same wording for the refusal.
- SCRUM-101 (E1, Yi, break): opens this same dispute record automatically — agree its shape first.
- SCRUM-52 (D8/E3, Parth, break): the adjudicator queue reads this record and must apply the same independence rule, so it never offers a dispute to someone who annotated or reviewed the work.
- SCRUM-103 (E6, Jingwei, W10): the dispute desk (components/task-dispute-desk.tsx) still sends finalize / send_back and must switch to accept / return / reject with a required reason. Change the API and the desk in step, or keep the old values accepted until E6 lands.
- SCRUM-24 (B4, Dishank, PR #41): adds assert_task_accepts_work to decide_escalation — adjudication only on an active task.{noformat}",,Jason Wang,,712020:93390656-829d-45f1-9908-d965a5930c17,,,,,,,,,,{},,0|i0001b:vz9,Mid-semester Break,,1.5,,,,10042,SCRUM-14,"Review, Dispute & Adjudication",To Do,22/Sep/26 12:21 AM
Provenance: Record the production history of every label,SCRUM-98,10126,Task,To Do,SCRUM,CS-57,software,Jason Wang,712020:93390656-829d-45f1-9908-d965a5930c17,,Medium,,,,Jason Wang,712020:93390656-829d-45f1-9908-d965a5930c17,Jason Wang,712020:93390656-829d-45f1-9908-d965a5930c17,22/Sep/26 12:05 AM,23/Sep/26 6:53 PM,23/Sep/26 6:53 PM,,,0,"Replace SCRUM-39 + subtask 62

{noformat}Related to user story F1

Replaces SCRUM-39 and its subtask SCRUM-62 (deleted 2026-09-22: Jira keeps a subtask in its parent's sprint, and F5 is planned for W11).

Add a provenance event record, distinct from AuditLogDB, and write an event at each decision point: source registered, AI suggested, human responded (accepted, modified, rejected or replaced), reviewed, disputed, adjudicated, released.

# Each event names the item, its kind, the actor (a person or an AI model — the AI is an author), the time, and the record it refers to.
# Events are written at the point of decision, never reconstructed afterwards, and are never edited or deleted.
# An item's events read back in order with actor and time.
# A refused or failed action writes no event.
# The submission event joins the draft-submission transaction (routes/drafts.py:267, commit=False).
# SCRUM-48's record_item_taken helper is moved onto this record.
# Tests fail on the old behaviour and pass now.

Out of scope: which version an export carries (client follow-up F1); actor-type correction and duplicate escalation entries (F4, SCRUM-40 and 41); supersession itself (F3).
Agree the schema and migration order with the other W8 schema changes on day one.
{noformat}",,Jason Wang,,712020:93390656-829d-45f1-9908-d965a5930c17,,,,,,,,,,{},,0|i000n3:,W11,,2.0,,,,10044,SCRUM-16,Provenance & Audit History,To Do,22/Sep/26 12:21 AM
"enable custom task with user-defined instructions, output-type and schema",SCRUM-97,10125,Subtask,Done,SCRUM,CS-57,software,Jason Wang,712020:93390656-829d-45f1-9908-d965a5930c17,,Medium,Done,,,Yi Geng,712020:e5fd85d6-6a93-421a-98d0-d5e4be368d13,Yi Geng,712020:e5fd85d6-6a93-421a-98d0-d5e4be368d13,20/Sep/26 4:31 PM,21/Sep/26 4:57 PM,,21/Sep/26 4:57 PM,,0,,,Yi Geng,,712020:e5fd85d6-6a93-421a-98d0-d5e4be368d13,,,,,,,,,,{},,0|i000kf:,W7 Lock down review data,,,,,,10034,SCRUM-6,AI-Provider: Integrate labeling_ai_assistnat_mvp as an AI provider,Done,21/Sep/26 4:57 PM
Enable label list file upload,SCRUM-96,10124,Subtask,Done,SCRUM,CS-57,software,Jason Wang,712020:93390656-829d-45f1-9908-d965a5930c17,,Medium,Done,,,Yi Geng,712020:e5fd85d6-6a93-421a-98d0-d5e4be368d13,Yi Geng,712020:e5fd85d6-6a93-421a-98d0-d5e4be368d13,20/Sep/26 4:31 PM,21/Sep/26 4:57 PM,,21/Sep/26 4:57 PM,,0,,,Yi Geng,,712020:e5fd85d6-6a93-421a-98d0-d5e4be368d13,,,,,,,,,,{},,0|i000k7:,W7 Lock down review data,,,,,,10034,SCRUM-6,AI-Provider: Integrate labeling_ai_assistnat_mvp as an AI provider,Done,21/Sep/26 4:57 PM
Add definition settings to labels field,SCRUM-95,10123,Subtask,Done,SCRUM,CS-57,software,Jason Wang,712020:93390656-829d-45f1-9908-d965a5930c17,,Medium,Done,,,Yi Geng,712020:e5fd85d6-6a93-421a-98d0-d5e4be368d13,Yi Geng,712020:e5fd85d6-6a93-421a-98d0-d5e4be368d13,20/Sep/26 4:31 PM,21/Sep/26 4:57 PM,,21/Sep/26 4:57 PM,,0,,,Yi Geng,,712020:e5fd85d6-6a93-421a-98d0-d5e4be368d13,,,,,,,,,,{},,0|i000jz:,W7 Lock down review data,,,,,,10034,SCRUM-6,AI-Provider: Integrate labeling_ai_assistnat_mvp as an AI provider,Done,21/Sep/26 4:57 PM
Infrastructure: run on PostgreSQL while keeping SQLite working,SCRUM-94,10122,Task,Done,SCRUM,CS-57,software,Jason Wang,712020:93390656-829d-45f1-9908-d965a5930c17,,Medium,Done,Parth,712020:31379b73-52b1-497c-adec-f657d3cf3124,Jason Wang,712020:93390656-829d-45f1-9908-d965a5930c17,Jason Wang,712020:93390656-829d-45f1-9908-d965a5930c17,18/Sep/26 12:22 AM,20/Sep/26 7:03 PM,23/Sep/26 7:07 PM,20/Sep/26 7:03 PM,,0,"Related to user story C2

C2's job queue needs a second writer alongside the API, and SQLite serialises writers: a second
connection that tries to write gets ""database is locked"" after about 5 seconds (measured on
main). Moving to PostgreSQL removes that ceiling before the 1,000-item batch in W8 runs into it.

Scope, agreed 2026-09-17 and extended 2026-09-18:



# （Updated & Discussed with parth) Both databases keep working, and PostgreSQL is now the default everywhere, not only under Docker (changed 2026-09-19). With no DATABASE_URL set, the platform connects to PostgreSQL first and falls back to SQLite only when PostgreSQL is not available (the driver is not installed or the server cannot be reached), and logs at startup which database it is running on, so a fallback is never silent. compose.yaml starts PostgreSQL and points DATABASE_URL at it. An explicit DATABASE_URL always wins, so SQLite can still be chosen directly. The tests are unaffected: the shared fixture in item 7 still uses in-memory SQLite when DATABASE_URL is unset.
# Add the PostgreSQL driver as a dependency. The project has none today.
# Set the session time zone to UTC on connect. Every existing DateTime column is written with a timezone-aware datetime.now(UTC), which both drivers send as timestamptz; Postgres then converts it into the session's time zone when storing it in a column without one. Nothing fails — the times are simply wrong. This complements SCRUM-1's UtcDateTime column type rather than replacing it: the column type holds whatever the session is set to, so leave it in place.
# Document a setup path that does not need Docker — a native PostgreSQL install plus DATABASE_URL — alongside any compose service. Docker is optional in the README, and Docker Hub is blocked in at least one member's environment, so a compose service alone would leave them unable to run Postgres at all.
# Write down what happens to a schema change from now on. migrate_db_schema() returns early for anything that is not SQLite, so on Postgres there is no path for adding a column at all — create_all() only creates missing tables. Either adopt Alembic, or agree that dev databases are disposable and re-seeded on every schema change. Both are acceptable; leaving it unstated is not. This has to be settled before W8, when four groups change the schema.
# The suite passes on SQLite exactly as before, including after the test files move onto the shared fixture in item 7.
# Make the tests reach PostgreSQL, then run them in CI. The 10 test files that touch a database all hard-code an in-memory SQLite engine, so pointing DATABASE_URL at Postgres changes nothing and a Postgres CI job would pass without testing Postgres at all. Add a shared pytest fixture that takes the engine from DATABASE_URL (in-memory SQLite when unset) and isolates each test, move the 10 files onto it, and add a CI workflow that runs the backend suite on every push, once on SQLite and once against a PostgreSQL service container. Without it, Postgres compatibility can break silently from merge day; it is also the only way a member who cannot run Postgres locally sees their code run on it.



*Timing*: two merges. The first — the database.py changes, the driver, the UTC setting, the shared
fixture, the CI workflow and the item 5 decision — lands before W8, because it changes what every
other ticket runs on and four groups change the schema that week. If it slips past the weekend it
waits for the W9 boundary rather than landing mid-week. The second — moving the 10 test files
onto the fixture — touches tests only and may land early in W8.

*Not in scope*: moving production hosting, data migration of anyone's existing dev database
(re-seed instead), PR templates, CODEOWNERS or branch protection, and Alembic itself unless
item 5 chooses it.",,Jason Wang,Parth,712020:93390656-829d-45f1-9908-d965a5930c17,712020:31379b73-52b1-497c-adec-f657d3cf3124,,,,,,,,,{},,0|i000jr:,W7 Lock down review data,,3.0,,,"19/Sep/26 10:16 PM;712020:31379b73-52b1-497c-adec-f657d3cf3124;Clarified with [~accountid:712020:93390656-829d-45f1-9908-d965a5930c17], to make postgreSQL default option for all deployment options and fallback as SQLite",10111,SCRUM-83,Trustworthy Foundations,Done,20/Sep/26 7:03 PM
"Work queues: available-work list, progress and submission limit (WEB)",SCRUM-93,10121,Task,To Do,SCRUM,CS-57,software,Jason Wang,712020:93390656-829d-45f1-9908-d965a5930c17,,Medium,,Kanishka Kathait,712020:53d02d47-8757-44b7-a5a5-b57a63b98fbe,Jason Wang,712020:93390656-829d-45f1-9908-d965a5930c17,Jason Wang,712020:93390656-829d-45f1-9908-d965a5930c17,16/Sep/26 1:27 AM,30/Sep/26 12:13 AM,30/Sep/26 9:51 PM,,,0,"{noformat}Related to user story D8

FRONTEND

Rescoped 2026-09-17: there is no assignment. No ""assign to"" controls, no assignee column, no reassignment UI. The screen shows what the viewer may take and how full an item already is.

Split 2026-09-26: this ticket is the available-work list. The item workspace panel (the ""X is annotating"" block, S10, refusals on submit, peers' answers in the panel) is SCRUM-114, PR #43. Choosing which submission to review is SCRUM-113, PR #44 (moved into W8). To keep the branches apart, this ticket does not change components/task-item-workspace-sheet.tsx, lib/task-workspace-data.ts or lib/api/task-items.ts: opening an item from the list uses the panel as it is.

# An available-work list, filtered to what the viewer's role allows, with an item opening directly from it. Annotators read GET /tasks/{task_id}/work-queue/annotate, reviewers /work-queue/review, arbitrators /work-queue/adjudicate.
# Progress on each item reads as, for example, 2 of 3 — how many have submitted against how many the task requires.
# Annotate is greyed out once the item has as many submissions as the task requires. The annotate queue only returns items the viewer can take, so ask for the rest too: GET /tasks/{task_id}/work-queue/annotate?include_unavailable=true also returns the task's other unfinished items, each with can_annotate false. Grey Annotate out wherever can_annotate is false. The row says why: 3 of 3 submitted, has_ai_annotation, or submitted_by_you.
# The item shows how many people are working it and how many have submitted, so a viewer can see it is covered without opening it.
# Use the queue rows for the numbers. Each row is a WorkQueueItemRead: every TaskItemRead field, plus required_annotators, submitted_count (people only), working_count (people holding an unsubmitted draft), has_ai_annotation; on the annotate queue can_annotate, rework and submitted_by_you; and on the review queue awaiting_review_annotation_ids. ""2 of 3"" is submitted_count of required_annotators.
# Take who is on an item only from those numbers. Since PR #44 the item hydration shows a viewer only their own draft, never a colleague's, so draftOwnerName and the draft text are empty for other people's work (the existing TaskItemTable's annotator column reads ""Unassigned"" there). Do not name annotators in the list: several may work one item, and annotators must not see each other's work.
# AI-assisted items: when has_ai_annotation is true, the AI's first pass is done and the item is in review, not open for annotation (decision of 2026-09-25). Show it as AI-annotated rather than as ""0 of N"". An item whose AI run failed shows no AI annotation and fills up with people like a human-first item.
# Rework: work a reviewer returned or rejected comes back in its annotator's annotate queue, and only theirs (decision of 2026-09-26: reject means redo, like a return). Mark it as rework in the list; the row's rework field says so, with no extra request per row.
# The review list opens an item and hands the panel nothing else: the panel's Review tab reads the review queue itself, lists the item's submissions awaiting the reviewer by author, and records the decision against the one chosen (PR #44). Show the number awaiting (the length of awaiting_review_annotation_ids) if useful.
# working_count counts every pending draft with an author, including the draft a refused submission leaves behind and the draft saved before a returned item was resubmitted. So an item can show ""1 working"" when nobody is. Hiding ""working"" on a full item is enough for now.

Built on SCRUM-48's queue API (PR #33 and #35, both merged into main). PR #44 adds ApiWorkQueueItem to lib/api/task-items.ts with only the fields the panel reads. Define the full row type in lib/api/work-queues.ts; once #44 merges, task-items.ts imports it from there instead of keeping two types.

Every limit shown here is enforced in the API as well — a greyed-out button is the display of the rule, not the rule.

The required count is of human submissions: the AI's annotation is not one of the 3 (client answer, 2026-09-21).
{noformat}",,Jason Wang,,712020:93390656-829d-45f1-9908-d965a5930c17,,,,,,,,,,{},,0|i0001b:wt,"W8 Route work, record decision",,1.5,,,,10042,SCRUM-14,"Review, Dispute & Adjudication",To Do,29/Sep/26 10:17 PM
Update the annotation editing page to ensure that the output results of MVP can be compatible with the existing interface of Hej.,SCRUM-92,10120,Subtask,Done,SCRUM,CS-57,software,Jason Wang,712020:93390656-829d-45f1-9908-d965a5930c17,,Medium,Done,,,Yi Geng,712020:e5fd85d6-6a93-421a-98d0-d5e4be368d13,Yi Geng,712020:e5fd85d6-6a93-421a-98d0-d5e4be368d13,14/Sep/26 1:40 PM,21/Sep/26 4:57 PM,,21/Sep/26 4:57 PM,,0,,,Yi Geng,,712020:e5fd85d6-6a93-421a-98d0-d5e4be368d13,,,,,,,,,,{},,0|i000jj:,W7 Lock down review data,,,,,,10034,SCRUM-6,AI-Provider: Integrate labeling_ai_assistnat_mvp as an AI provider,Done,21/Sep/26 4:57 PM
Project lifecycle: Create a project scoped to an organisation,SCRUM-91,10119,Task,To Do,SCRUM,CS-57,software,Jason Wang,712020:93390656-829d-45f1-9908-d965a5930c17,,Medium,,,,Jason Wang,712020:93390656-829d-45f1-9908-d965a5930c17,Jason Wang,712020:93390656-829d-45f1-9908-d965a5930c17,07/Sep/26 11:52 PM,22/Sep/26 12:57 AM,22/Sep/26 12:57 AM,,,0,"{noformat}Related to user story B1

Projects hold related work — the client's example is an ""Autonomous Driving""
project carrying several annotation and evaluation tasks. The capability
largely exists; what is missing is the organisation scoping and the proof of it.

I can create a project and see it listed in my organisation.

A project belongs to exactly one organisation and is visible only to that organisation's members.

I can open a project and see the tasks inside it.

Scope note worth putting on the ticket: this is hardening, not net-new. The work is confirming POST /organizations/{org_id}/projects scopes to the caller's org, a test that a project in org A is invisible to org B, and making project-create-form.tsx surface real validation errors. Pairs with SCRUM-45, which does update/archive on the same object.{noformat}",,Jason Wang,,712020:93390656-829d-45f1-9908-d965a5930c17,,,,,,,,,,{},,0|i000jb:,,,,,,,10039,SCRUM-11,"Project, Policy & Task Lifecycle",To Do,07/Sep/26 11:52 PM
"Organisation Management: Invite, remove and role-manage members",SCRUM-90,10118,Task,Done,SCRUM,CS-57,software,Jason Wang,712020:93390656-829d-45f1-9908-d965a5930c17,,Medium,Done,Tim Chung,712020:2c5fbefd-b0d1-4404-a667-67013b327abe,Jason Wang,712020:93390656-829d-45f1-9908-d965a5930c17,Jason Wang,712020:93390656-829d-45f1-9908-d965a5930c17,07/Sep/26 11:37 PM,29/Sep/26 2:25 PM,27/Sep/26 6:29 PM,29/Sep/26 2:25 PM,,0,"{noformat}Related to user story J3

You cannot run governed review without the people who perform it. This is the
administrator-facing capability on top of the invitation flow.

# I can invite a person, see pending invitations, and remove a member.

# I can assign and change a member's role.

# A role change takes effect on what that person can actually do.

Criterion 4 (invitee sees and accepts pending invitations) moved on 2026-09-26 to SCRUM-115, together with choosing a role at invitation (client answer Q5). PR #28 delivers criteria 1–3.

Issues 17, 18
Blocked by SCRUM-8 until the invitation flow works.{noformat}",,Jason Wang,,712020:93390656-829d-45f1-9908-d965a5930c17,,,,,,,,,,{},,0|i0001b:vx,W7 Lock down review data,,2.0,,,,10046,SCRUM-18,Organisation Management,Done,29/Sep/26 2:25 PM
Project: Overview of status and progress,SCRUM-89,10117,Task,To Do,SCRUM,CS-57,software,Jason Wang,712020:93390656-829d-45f1-9908-d965a5930c17,,Medium,,Tim Chung,712020:2c5fbefd-b0d1-4404-a667-67013b327abe,Jason Wang,712020:93390656-829d-45f1-9908-d965a5930c17,Jason Wang,712020:93390656-829d-45f1-9908-d965a5930c17,07/Sep/26 11:36 PM,29/Sep/26 3:43 PM,26/Sep/26 1:22 AM,,,0,"{noformat}Related to user story J2

A starting point, not an analytics product.

Shows project status, item counts by state and basic workflow statistics.

Figures agree with the task and export screens.

Deliberately limited — the client asked that time not be spent making this comprehensive.

The one that will actually take effort is criterion 2: the figures have to reconcile with SCRUM-43 (B6/H5, aligning task completion and export readiness). Don't start this before SCRUM-43 settles the counting rule, or you'll implement it twice.{noformat}",,Jason Wang,,712020:93390656-829d-45f1-9908-d965a5930c17,,,,,,,,,,{},,0|i0001b:vyi,W9,,2.0,,,,10039,SCRUM-11,"Project, Policy & Task Lifecycle",To Do,07/Sep/26 11:36 PM
Organisation Management: Stable organisation identifier and URL,SCRUM-88,10116,Task,To Do,SCRUM,CS-57,software,Jason Wang,712020:93390656-829d-45f1-9908-d965a5930c17,,Medium,,,,Jason Wang,712020:93390656-829d-45f1-9908-d965a5930c17,Jason Wang,712020:93390656-829d-45f1-9908-d965a5930c17,07/Sep/26 11:35 PM,22/Sep/26 12:57 AM,22/Sep/26 12:57 AM,,,0,"{noformat}Related to user story J1

The client's one concrete requirement in this area is being able to refer to an
organisation unambiguously.

Each organisation has a unique identifier and URL that do not change.

An organisation can hold multiple accounts and use cases.

Keep it small — the backlog explicitly says so.{noformat}",,Jason Wang,,712020:93390656-829d-45f1-9908-d965a5930c17,,,,,,,,,,{},,0|i000in:,,,,,,,10046,SCRUM-18,Organisation Management,To Do,07/Sep/26 11:35 PM
AI assist: Human-only and AI-first task modes,SCRUM-87,10115,Task,To Do,SCRUM,CS-57,software,Jason Wang,712020:93390656-829d-45f1-9908-d965a5930c17,,Medium,,,,Jason Wang,712020:93390656-829d-45f1-9908-d965a5930c17,Jason Wang,712020:93390656-829d-45f1-9908-d965a5930c17,07/Sep/26 11:34 PM,22/Sep/26 1:37 AM,29/Sep/26 6:01 PM,,,0,"{code:sql}Related to user story C4

Seeing the machine's answer first changes the answer people give. The code has
two modes; the client brief requires three.

I can select human-only, AI-first, or blind-then-reveal when setting up a task.

In blind-then-reveal the reviewer cannot see the AI suggestion until their own answer is recorded.

The mode in force is recorded against the item, so results from different modes can be compared later.

Test that the suggestion is absent from the API response before the human commits, not merely hidden in the UI. SCRUM-73 (I4, ""measure what AI assistance does to human judgement"") cannot produce a result unless this records the mode — worth linking them.{code}",,Jason Wang,,712020:93390656-829d-45f1-9908-d965a5930c17,,,,,,,,,,{},,0|i000if:,,,,,,,10041,SCRUM-13,Annotation & Human Judgement,To Do,07/Sep/26 11:34 PM
Review: Prevent self-review of own annotations,SCRUM-86,10114,Task,To Do,SCRUM,CS-57,software,Jason Wang,712020:93390656-829d-45f1-9908-d965a5930c17,,Medium,,,,Jason Wang,712020:93390656-829d-45f1-9908-d965a5930c17,Jason Wang,712020:93390656-829d-45f1-9908-d965a5930c17,07/Sep/26 11:33 PM,30/Sep/26 11:28 PM,30/Sep/26 11:28 PM,,,0,"{noformat}Related to user story D1

CONTAINER — no work here. Folded into SCRUM-116 and SCRUM-99 on 2026-09-30 (Hanchen). Close this ticket once both are Done.

Issue 7 (Critical) is partly fixed: review actions (submit_task_item_review_action) and approve_draft already call assert_not_self_approval, for accept. Two dispute paths still let a person decide on their own work, and neither checks it on main (e367ebd):
- route_escalation — sending an item you annotated yourself to dispute: now SCRUM-116, which already refuses self-review for every review action, including the escalate action.
- decide_escalation — deciding a dispute on your own item, including as an administrator: now SCRUM-99, which rewrites decide_escalation and carries the broader rule (client answer R2-8: an adjudicator may not have annotated or reviewed the disputed work).

The requirements stand, split between the two: the refusal names its reason rather than a bare 403; administrators have no override (api_surfaces.md, ""no administrator or reviewer override""); only DISPUTE may route and only ADJUDICATE may decide; and each path has a test that fails on the old behaviour.

Issue 7 closes when both tickets are Done.{noformat}",,Jason Wang,,712020:93390656-829d-45f1-9908-d965a5930c17,,,,,,,,,,{},,0|i0001b:vz0i,Mid-semester Break,,0.0,,,,10042,SCRUM-14,"Review, Dispute & Adjudication",To Do,30/Sep/26 11:28 PM
Task lifecycle: Create annotation and judgement tasks with a result shape,SCRUM-85,10113,Task,To Do,SCRUM,CS-57,software,Jason Wang,712020:93390656-829d-45f1-9908-d965a5930c17,,Medium,,,,Jason Wang,712020:93390656-829d-45f1-9908-d965a5930c17,Jason Wang,712020:93390656-829d-45f1-9908-d965a5930c17,07/Sep/26 11:31 PM,22/Sep/26 12:58 AM,22/Sep/26 12:57 AM,,,0,"{noformat}Related to user story B3

The client's two task categories need different work surfaces and different
result shapes. Task creation exists; the annotation-versus-judgement
distinction and the result shape do not.

I can create a task under a project, choosing annotation or judgement and the task type.

The task records what a finished result should look like — labels for annotation, verdict plus reasoning for judgement.

Text tasks work end to end; image and video tasks can be created without breaking, but are not committed demo paths this phase.

The real work here is label_schema_ref: today it's a string pointer nothing reads, and it has to resolve to an actual result shape. Borrow the MVP's SchemaMerger idea but map fields explicitly rather than asking a model to infer them. Blocks SCRUM-24 (B4, lifecycle transitions) from being meaningful.{noformat}",,Jason Wang,,712020:93390656-829d-45f1-9908-d965a5930c17,,,,,,,,,,{},,0|i000hz:,,,,,,,10039,SCRUM-11,"Project, Policy & Task Lifecycle",To Do,07/Sep/26 11:31 PM
Schema: Replace hardcoded credentials,SCRUM-84,10112,Task,Done,SCRUM,CS-57,software,Jason Wang,712020:93390656-829d-45f1-9908-d965a5930c17,,Medium,Done,Yi Geng,712020:e5fd85d6-6a93-421a-98d0-d5e4be368d13,Jason Wang,712020:93390656-829d-45f1-9908-d965a5930c17,Jason Wang,712020:93390656-829d-45f1-9908-d965a5930c17,07/Sep/26 4:27 PM,16/Sep/26 1:20 AM,,13/Sep/26 9:43 PM,,0,"A4

# No live credential is readable in the source code.
# Credentials are supplied per environment and can be rotated without a code change.
# The exposed key is rotated at the provider, not merely removed from the code.

*Issue 1* (live API key hardcoded in committed source) — this story's first criterion removes it, and the rotation criterion covers the part a code fix alone can't: the key is already public in every existing clone. Depends on *A3*, since configuration must actually load before a key can be supplied any other way.",,Jason Wang,,712020:93390656-829d-45f1-9908-d965a5930c17,,,,,,,,,,{},,0|i00026:r,W6 Governance & data-integrity,,,,,,10111,SCRUM-83,Trustworthy Foundations,Done,13/Sep/26 9:43 PM
Trustworthy Foundations,SCRUM-83,10111,Epic,To Do,SCRUM,CS-57,software,Jason Wang,712020:93390656-829d-45f1-9908-d965a5930c17,,Medium,,,,Jason Wang,712020:93390656-829d-45f1-9908-d965a5930c17,Jason Wang,712020:93390656-829d-45f1-9908-d965a5930c17,07/Sep/26 4:25 PM,07/Sep/26 4:25 PM,,,,0,,,Jason Wang,,712020:93390656-829d-45f1-9908-d965a5930c17,,,,,,,,,,{},grey,0|i000hj:,,,,,,,,,,To Do,07/Sep/26 4:25 PM
Schema: Restore existing testcases,SCRUM-82,10110,Task,Done,SCRUM,CS-57,software,Jason Wang,712020:93390656-829d-45f1-9908-d965a5930c17,,Medium,Done,Jason Wang,712020:93390656-829d-45f1-9908-d965a5930c17,Jason Wang,712020:93390656-829d-45f1-9908-d965a5930c17,Jason Wang,712020:93390656-829d-45f1-9908-d965a5930c17,07/Sep/26 1:16 PM,16/Sep/26 1:20 AM,,07/Sep/26 4:25 PM,,0,"A2

# The web application's checks and test suite pass cleanly, so a broken change is caught before merge rather than after.
# Tests that claim to check something actually check it — a test named for image-annotation loading must fail if that loading breaks.
# Test setup does not imply behaviour the platform doesn't have

*Issues 12 & 13* (frontend fails typecheck; test suite failing) — this story's definition of done is a green frontend build and suite, so both are resolved by the work itself rather than tracked separately.
*Issue 25* (a frontend test passes even when the behaviour it names is broken) — replacing the placeholder assertion with a real one is exactly what “tests genuinely pass” requires here.
*Issue 26* (misleading mock setup in a backend test) — removed while making the suite trustworthy, so a future reader isn't misled about what the code does.",,Jason Wang,,712020:93390656-829d-45f1-9908-d965a5930c17,,,,,,,,,,{},,0|i00026:i,W6 Governance & data-integrity,,,,,,10111,SCRUM-83,Trustworthy Foundations,Done,07/Sep/26 4:25 PM
Schema: Fix db setup issues,SCRUM-81,10109,Task,Done,SCRUM,CS-57,software,Jason Wang,712020:93390656-829d-45f1-9908-d965a5930c17,,Medium,Done,Yi Geng,712020:e5fd85d6-6a93-421a-98d0-d5e4be368d13,Jason Wang,712020:93390656-829d-45f1-9908-d965a5930c17,Jason Wang,712020:93390656-829d-45f1-9908-d965a5930c17,07/Sep/26 1:13 PM,16/Sep/26 1:20 AM,,13/Sep/26 9:43 PM,,0,"A3

# Following the documented setup steps produces a running platform with the seeded Admin, Reviewer and Annotator accounts.
# Resetting the demo data works repeatedly, including against an already-seeded database.
# Configuration supplied by a team member (ports, keys, environment) is actually picked up by the platform.
# A setup failure reports what went wrong instead of failing silently or crashing while reporting.

*Issue 24* (init_data.py --reset broken two ways) — the story requires reset to work repeatedly on a stock Windows terminal, which closes both the console-encoding crash and the foreign-key failure that currently leaves the database half-dropped.
*Issue 23* (.env config silently ignored) — “configuration is actually picked up” is the acceptance criterion, so the wrong-prefix and never-read-the-file defects both have to go for this story to pass.",,Jason Wang,,712020:93390656-829d-45f1-9908-d965a5930c17,,,,,,,,,,{},,0|i00026:,W6 Governance & data-integrity,,,,,,10111,SCRUM-83,Trustworthy Foundations,Done,13/Sep/26 9:43 PM
Evaluation Harness and Casebook,SCRUM-80,10108,Epic,To Do,SCRUM,CS-57,software,Jason Wang,712020:93390656-829d-45f1-9908-d965a5930c17,,Medium,,,,Jason Wang,712020:93390656-829d-45f1-9908-d965a5930c17,Jason Wang,712020:93390656-829d-45f1-9908-d965a5930c17,07/Sep/26 3:07 AM,07/Sep/26 11:52 PM,,,,0,,,Jason Wang,,712020:93390656-829d-45f1-9908-d965a5930c17,,,,,,,,,,{},dark_yellow,0|i000gv:,,,,,,,,,,To Do,07/Sep/26 3:07 AM
Evaluation8: Findings record including negative results,SCRUM-75,10103,Task,To Do,SCRUM,CS-57,software,Jason Wang,712020:93390656-829d-45f1-9908-d965a5930c17,,Medium,,,,Jason Wang,712020:93390656-829d-45f1-9908-d965a5930c17,Jason Wang,712020:93390656-829d-45f1-9908-d965a5930c17,07/Sep/26 12:06 AM,22/Sep/26 12:58 AM,22/Sep/26 12:58 AM,,,0,"{noformat}Negative findings tell the client more about the platform's real limits than a list of features that worked, and the brief states plainly that they carry equal weight. Depends on EV2, EV4.

Subtasks

Record the findings, including what failed and why — negative results reported rather than dropped.

Trace each finding to a specific case so a reader can re-run it.

Report negative results rather than filtering them out.

Feed the technical report and the what-did-not-work record from this.

Story I5 — I can prove the platform's records hold up
Issues none{noformat}",,Jason Wang,,712020:93390656-829d-45f1-9908-d965a5930c17,,,,,,,,,,{},,0|i000hy:i,,,,,,,10108,SCRUM-80,Evaluation Harness and Casebook,To Do,07/Sep/26 12:06 AM
"Evaluation7: Integrity checks on provenance, roles and releases",SCRUM-74,10102,Task,To Do,SCRUM,CS-57,software,Jason Wang,712020:93390656-829d-45f1-9908-d965a5930c17,,Medium,,,,Jason Wang,712020:93390656-829d-45f1-9908-d965a5930c17,Jason Wang,712020:93390656-829d-45f1-9908-d965a5930c17,07/Sep/26 12:06 AM,18/Sep/26 7:47 PM,,,,0,"Integrity claimed is not integrity demonstrated. These are the checks that let someone outside the team verify a release rather than take it on trust. Depends on EV2, F1, H2.

*Subtasks*

# Check that every released item has complete provenance.
# Check that governed actions were performed by users holding the right role.
# Reconstruct a release from its manifest and compare it against the original.
# Fail the check loudly rather than warning, so an integrity gap cannot pass unnoticed.

Story *I5* — I can prove the platform's records hold up
Issues none",,Jason Wang,,712020:93390656-829d-45f1-9908-d965a5930c17,,,,,,,,,,{},,0|i000hy:,,,,,,,10108,SCRUM-80,Evaluation Harness and Casebook,To Do,07/Sep/26 12:06 AM
"Evaluation6: Measure AI influence on human judgement, with blind-then-reveal",SCRUM-73,10101,Task,To Do,SCRUM,CS-57,software,Jason Wang,712020:93390656-829d-45f1-9908-d965a5930c17,,Medium,,,,Jason Wang,712020:93390656-829d-45f1-9908-d965a5930c17,Jason Wang,712020:93390656-829d-45f1-9908-d965a5930c17,07/Sep/26 12:05 AM,22/Sep/26 1:37 AM,22/Sep/26 1:37 AM,,,0,"The client's actual question — not whether assistance feels faster, but what it does to the answers people give. Impossible while the suggestion and the decision are collapsed into one value. Depends on EV2, F3, C4.

*Subtasks*

# Report accept, modify and override rates per task.
# Report time per item alongside them.
# Compare results across the execution modes from C4.
# Report how often a confidently wrong suggestion was accepted.
# Impossible unless suggestion and decision stay separate — depends on F3.

Story *I4* — I can see what AI assistance does to human judgement
Issues none",,Jason Wang,,712020:93390656-829d-45f1-9908-d965a5930c17,,,,,,,,,,{},,0|i000hx:,,,,,,,10108,SCRUM-80,Evaluation Harness and Casebook,To Do,07/Sep/26 12:05 AM
Evaluation5: Reviewer agreement and AI suggestion quality,SCRUM-72,10100,Task,To Do,SCRUM,CS-57,software,Jason Wang,712020:93390656-829d-45f1-9908-d965a5930c17,,Medium,,,,Jason Wang,712020:93390656-829d-45f1-9908-d965a5930c17,Jason Wang,712020:93390656-829d-45f1-9908-d965a5930c17,07/Sep/26 12:04 AM,18/Sep/26 7:47 PM,,,,0,"Raw percentage match flatters any task where one answer dominates. Report a real coefficient, and report whether the assistant's stated confidence tracks whether it was actually right. Depends on EV2, D7.

*Subtasks*

# Report agreement with an established coefficient rather than raw percentage match.
# Report per task and comparably across tasks.
# Report AI suggestion quality and confidence calibration alongside human agreement.
# Measure against the gold annotations in the fixture sets.
# Depends on D7's cross-validation routing.

Story *I3* — I can tell whether reviewers actually agree
Issues none",,Jason Wang,,712020:93390656-829d-45f1-9908-d965a5930c17,,,,,,,,,,{},,0|i000hv:,,,,,,,10108,SCRUM-80,Evaluation Harness and Casebook,To Do,07/Sep/26 12:04 AM
Evaluation4: Grow the casebook to 40–60 cases,SCRUM-71,10099,Task,To Do,SCRUM,CS-57,software,Jason Wang,712020:93390656-829d-45f1-9908-d965a5930c17,,Medium,,,,Jason Wang,712020:93390656-829d-45f1-9908-d965a5930c17,Jason Wang,712020:93390656-829d-45f1-9908-d965a5930c17,07/Sep/26 12:04 AM,18/Sep/26 7:47 PM,,,,0,"A standing commitment from the week it lands, not a block of work at the end. Assembling the casebook in the final fortnight is the failure the brief warns about by name. Depends on EV3.

*Subtasks*

# Grow toward the 40–60 cases the brief specifies, each ticket contributing the cases for its own surface as it lands.
# Map each workflow surface to the cases it owes.
# Add “lands its own cases” to the definition of done for every feature ticket.
# Backfill cases for the surfaces already built.
# Review the count against the 40–60 target at the weekly meeting.

Story *I2* — The platform is tested against cases designed to break it
Issues none",,Jason Wang,,712020:93390656-829d-45f1-9908-d965a5930c17,,,,,,,,,,{},,0|i000hr:,,,,,,,10108,SCRUM-80,Evaluation Harness and Casebook,To Do,07/Sep/26 12:04 AM
Evaluation3: Casebook structure and the adversarial categories,SCRUM-70,10098,Task,To Do,SCRUM,CS-57,software,Jason Wang,712020:93390656-829d-45f1-9908-d965a5930c17,,Medium,,,,Jason Wang,712020:93390656-829d-45f1-9908-d965a5930c17,Jason Wang,712020:93390656-829d-45f1-9908-d965a5930c17,07/Sep/26 12:03 AM,18/Sep/26 7:46 PM,,,,0,"The seven categories the brief names, written as real cases against the gold fixture datasets. A system demonstrated on easy items proves nothing about the ones that matter. Depends on EV1.

*Subtasks*

# Write the adversarial categories the brief names, starting with a confidently wrong AI suggestion.
# Cover a genuinely ambiguous item, and reviewers who disagree with no guideline resolution.
# Cover a guideline changed after annotation, and an item with missing provenance.
# Cover an unreviewed item reaching a proposed release, and a release containing a superseded item.
# Use the gold fixtures in labeling_ai_assistnat_mvp/app/data/text/ — four 200-item sets with ground truth, already shaped in hej's own vocabulary.
# Define the case template — inputs, steps, expected outcome, category.

Story *I2* — The platform is tested against cases designed to break it
Issues none",,Jason Wang,,712020:93390656-829d-45f1-9908-d965a5930c17,,,,,,,,,,{},,0|i0001b:wn,Mid-semester Break,,,,,,10108,SCRUM-80,Evaluation Harness and Casebook,To Do,07/Sep/26 12:03 AM
Evaluation2: Repeatable runs and regression reporting,SCRUM-69,10097,Task,To Do,SCRUM,CS-57,software,Jason Wang,712020:93390656-829d-45f1-9908-d965a5930c17,,Medium,,,,Jason Wang,712020:93390656-829d-45f1-9908-d965a5930c17,Jason Wang,712020:93390656-829d-45f1-9908-d965a5930c17,07/Sep/26 12:03 AM,18/Sep/26 7:46 PM,28/Sep/26 5:34 PM,,,0,"A run that cannot be repeated proves nothing, and a result nobody can compare hides regressions rather than revealing them. Depends on EV1, A3.

*Subtasks*

# Keep results comparable across runs so a regression is visible.
# Reset to a clean seeded database between runs — depends on A3.
# Script the mock assistant's responses so a scenario has one correct outcome.
# Emit a machine-readable result per case alongside the human summary.
# Give each case a stable id and diff a run against the previous one.

Story *I1* — I can re-run the whole workflow against known cases
Issues none",,Jason Wang,,712020:93390656-829d-45f1-9908-d965a5930c17,,,,,,,,,,{},,0|i0001b:wk,Mid-semester Break,,,,,,10108,SCRUM-80,Evaluation Harness and Casebook,To Do,07/Sep/26 12:03 AM
Evaluation1: Scenario harness that drives the workflow end to end,SCRUM-68,10096,Task,In Progress,SCRUM,CS-57,software,Jason Wang,712020:93390656-829d-45f1-9908-d965a5930c17,,Medium,,Jingwei Lin,712020:a3a41120-888a-4688-8ba9-1762665aa1c0,Jason Wang,712020:93390656-829d-45f1-9908-d965a5930c17,Jason Wang,712020:93390656-829d-45f1-9908-d965a5930c17,07/Sep/26 12:02 AM,30/Sep/26 9:52 PM,29/Sep/26 5:35 PM,,,0,"Testing individual pieces says nothing about whether the workflow holds together. This is the runner and the step vocabulary it executes — project, policy, task, items, AI pass, annotate, review, dispute, adjudicate, release.

*Subtasks*

# Build a harness that drives a scenario end to end without manual clicking.
# Cover annotation, review, cross-validation, dispute and final judgement in a single run.
# State the expected outcome per scenario and report pass or fail.
# Define the scenario file format — named steps plus the outcome each one expects.
# Have steps act as distinct seeded users, so role separation is exercised rather than bypassed.
# Prove the loop with one trivial scenario before any real cases are written.

Story *I1* — I can re-run the whole workflow against known cases
Issues none",,Jason Wang,,712020:93390656-829d-45f1-9908-d965a5930c17,,,,,,,,,,{},,0|i0001b:wd,Mid-semester Break,,1.5,,,,10108,SCRUM-80,Evaluation Harness and Casebook,In Progress,28/Sep/26 5:26 PM
Port the MVP's four text tasks behind the interface,SCRUM-56,10084,Subtask,Done,SCRUM,CS-57,software,Jason Wang,712020:93390656-829d-45f1-9908-d965a5930c17,,Medium,Done,,,Jason Wang,712020:93390656-829d-45f1-9908-d965a5930c17,Jason Wang,712020:93390656-829d-45f1-9908-d965a5930c17,06/Sep/26 11:30 PM,14/Sep/26 1:38 PM,,14/Sep/26 1:38 PM,,0,,,Jason Wang,,712020:93390656-829d-45f1-9908-d965a5930c17,,,,,,,,,,{},,0|i0009j:,W7 Lock down review data,,,,,,10034,SCRUM-6,AI-Provider: Integrate labeling_ai_assistnat_mvp as an AI provider,Done,14/Sep/26 1:38 PM
Replace the Gemini call with an OpenAI-compatible client,SCRUM-55,10083,Subtask,Done,SCRUM,CS-57,software,Jason Wang,712020:93390656-829d-45f1-9908-d965a5930c17,,Medium,Done,,,Jason Wang,712020:93390656-829d-45f1-9908-d965a5930c17,Jason Wang,712020:93390656-829d-45f1-9908-d965a5930c17,06/Sep/26 11:30 PM,14/Sep/26 1:38 PM,,14/Sep/26 1:38 PM,,0,,,Jason Wang,,712020:93390656-829d-45f1-9908-d965a5930c17,,,,,,,,,,{},,0|i0009b:,W7 Lock down review data,,,,,,10034,SCRUM-6,AI-Provider: Integrate labeling_ai_assistnat_mvp as an AI provider,Done,14/Sep/26 1:38 PM
Define the AnnotationAssistant interface,SCRUM-54,10082,Subtask,Done,SCRUM,CS-57,software,Jason Wang,712020:93390656-829d-45f1-9908-d965a5930c17,,Medium,Done,,,Jason Wang,712020:93390656-829d-45f1-9908-d965a5930c17,Jason Wang,712020:93390656-829d-45f1-9908-d965a5930c17,06/Sep/26 11:29 PM,14/Sep/26 1:38 PM,,14/Sep/26 1:38 PM,,0,,,Jason Wang,,712020:93390656-829d-45f1-9908-d965a5930c17,,,,,,,,,,{},,0|i00093:,W7 Lock down review data,,,,,,10034,SCRUM-6,AI-Provider: Integrate labeling_ai_assistnat_mvp as an AI provider,Done,14/Sep/26 1:38 PM
"Provenance: Version guidelines, sources and review policies",SCRUM-53,10081,Task,To Do,SCRUM,CS-57,software,Jason Wang,712020:93390656-829d-45f1-9908-d965a5930c17,,Medium,,,,Yi Geng,712020:e5fd85d6-6a93-421a-98d0-d5e4be368d13,Yi Geng,712020:e5fd85d6-6a93-421a-98d0-d5e4be368d13,06/Sep/26 10:06 PM,22/Sep/26 1:38 AM,22/Sep/26 1:38 AM,,,0,"Related to user story F2

Create immutable guideline versions and attach the effective guideline/source version to AI, annotation and review records",,Yi Geng,,712020:e5fd85d6-6a93-421a-98d0-d5e4be368d13,,,,,,,,,,{},,0|i000c6:r,,,,,,,10044,SCRUM-16,Provenance & Audit History,To Do,06/Sep/26 10:06 PM
Dispute: Adjudicator queue and authorization,SCRUM-52,10080,Task,To Do,SCRUM,CS-57,software,Jason Wang,712020:93390656-829d-45f1-9908-d965a5930c17,,Medium,,Parth,712020:31379b73-52b1-497c-adec-f657d3cf3124,Yi Geng,712020:e5fd85d6-6a93-421a-98d0-d5e4be368d13,Yi Geng,712020:e5fd85d6-6a93-421a-98d0-d5e4be368d13,06/Sep/26 10:05 PM,29/Sep/26 3:43 PM,28/Sep/26 7:05 PM,,,0,"Related to user story D8, E3, E6, G1

Show the adjudication queue filtered by role, open real cases and allow an authorized decision",,Yi Geng,,712020:e5fd85d6-6a93-421a-98d0-d5e4be368d13,,,,,,,,,,{},,0|i0001b:w2i,Mid-semester Break,,2.0,,,,10042,SCRUM-14,"Review, Dispute & Adjudication",To Do,06/Sep/26 10:05 PM
Review: Independent second reviewer,SCRUM-51,10079,Task,To Do,SCRUM,CS-57,software,Jason Wang,712020:93390656-829d-45f1-9908-d965a5930c17,,Medium,,Parth,712020:31379b73-52b1-497c-adec-f657d3cf3124,Yi Geng,712020:e5fd85d6-6a93-421a-98d0-d5e4be368d13,Yi Geng,712020:e5fd85d6-6a93-421a-98d0-d5e4be368d13,06/Sep/26 10:03 PM,30/Sep/26 11:20 PM,30/Sep/26 11:20 PM,,,0,"{noformat}Related to user story D7 and E1

ONLY BACKEND

This ticket runs over two weeks. Its first slice needs neither D8's queues nor B2's percentage, and the sampling builds on it. Not started by the end of W8 (2026-09-30), so the first slice is carried over. SCRUM-101 (E1, Yi, break) opens its dispute from this slice's flag, so the flag comes first.

Updated 2026-09-30: since PR #35 each submission is reviewed on its own, so ""the same item"" below became ""the same submission""; the second-review queue is SCRUM-52 and the automatic dispute SCRUM-101.

First slice (1.5 points):
# A reviewer cannot see another reviewer's decision on the same submission until their own is submitted. Today the adjustment read returns the submission's own latest review (PR #34), so a second reviewer under dual sign-off sees the first decision.
# Two distinct reviewers' verdicts on the same submission are compared, and disagreement between them is flagged. Define disagreement in the PR — for example, one accepts while the other returns or rejects (a reject means redo, decision of 2026-09-26).
# The blind review and the flag follow B2's approvals and disagreement rule, read through resolve_for_task (review_required_approvals, disagreement_handling: manual_review or open_dispute) — not from the policy tables directly.

Second slice (W9):
# Sample items by the cross-review percentage set in B2 and place them in the second-review queue SCRUM-52 builds (Parth, break). The review queue already never offers a submission's second approval to its first approver (PR #35); sampling decides which submissions need a second review at all.
# E1's automatic dispute is SCRUM-101 (Yi, break); it opens from the flag above, on the dispute record SCRUM-99 defines.

Verdicts come from ReviewDB.verdict (PR #17).

Collaboration:
- SCRUM-101 (E1, Yi): needs this flag. Agree the flag's shape with Yi before either starts.
- SCRUM-52 (D8/E3, Parth): the second-review queue the sampling feeds.
- SCRUM-113 (PR #44): the screen a second reviewer picks the submission on.{noformat}",,Yi Geng,,712020:e5fd85d6-6a93-421a-98d0-d5e4be368d13,,,,,,,,,,{},,0|i0001b:vxi,"W8 Route work, record decision",,1.5,,,,10042,SCRUM-14,"Review, Dispute & Adjudication",To Do,20/Sep/26 6:33 PM
Policy: Resolve project policy into executable task rules,SCRUM-50,10078,Task,Done,SCRUM,CS-57,software,Jason Wang,712020:93390656-829d-45f1-9908-d965a5930c17,,Medium,Done,Jingwei Lin,712020:a3a41120-888a-4688-8ba9-1762665aa1c0,Yi Geng,712020:e5fd85d6-6a93-421a-98d0-d5e4be368d13,Yi Geng,712020:e5fd85d6-6a93-421a-98d0-d5e4be368d13,06/Sep/26 10:01 PM,27/Sep/26 8:32 PM,28/Sep/26 7:13 PM,27/Sep/26 8:32 PM,,0,"Related to user story B2 and G2

Rescoped 2026-09-20: this ticket is the policy source, not the four enforcements.
The original description read as though it owned approval count, cross-review
percentage, disagreement handling and escalation posture. Three of those are other
tickets, two already in progress.

In scope:

# Project policy becomes a third input to task policy resolution, with precedence
organisation -> project -> task. Today PolicyResolver.resolve_task_policy() takes
only the task and the organisation policy, so a configured project policy cannot
reach the workflow at all.
# cross_review_percentage, disagreement_handling and governance_model are exposed
on ResolvedPolicy. Consumers call resolve_for_task(db, task) and never read the
project_policies table, so precedence has one implementation.
# review_required_approvals is sourced from project policy instead of the
code-defined policy bundle default. This ticket enforces that value itself.
# The effective-policy display labels each value enforced or recorded, per value.
Scrum 20 shipped an honest wholesale ""recorded, not enforced"" statement; as
consumers land one at a time that has to become per-value or it starts lying.

Not this ticket:

* cross-review sampling and blinding the first decision — SCRUM-51
* automatic disagreement detection — SCRUM-51 / SCRUM-57, overlap to resolve
* escalation posture enforcement — SCRUM-60
* task completion and export gates — SCRUM-43 owns that rule this sprint
* one canonical annotation per item — SCRUM-27

Known limitation: approval counts above 2 have undefined behaviour on
multi-annotator items, because both annotations carry is_latest=True and approvals
accumulate per annotation_id. Counts of 1 and 2 match today's dual sign-off exactly.
Pinned as a test referencing SCRUM-27 rather than fixed here.

Collab with project admin: whether a task override may weaken project policy below
its floor; whether required-annotators (SCRUM-48) and required-approvals are one
concept or two; and unblocking SCRUM-27's client decision, which SCRUM-37 and the
provenance line also wait on.

The ResolvedPolicy contract must be agreed with Parth before SCRUM-51 lands in W8.",,Yi Geng,,712020:e5fd85d6-6a93-421a-98d0-d5e4be368d13,,,,,,,,,,{},,0|i0001b:vx4,"W8 Route work, record decision",,1.5,,,,10039,SCRUM-11,"Project, Policy & Task Lifecycle",Done,27/Sep/26 8:32 PM
"Review: Execute accept, adjust, reject and dispute transitions",SCRUM-49,10077,Task,To Do,SCRUM,CS-57,software,Jason Wang,712020:93390656-829d-45f1-9908-d965a5930c17,,Medium,,,,Yi Geng,712020:e5fd85d6-6a93-421a-98d0-d5e4be368d13,Yi Geng,712020:e5fd85d6-6a93-421a-98d0-d5e4be368d13,06/Sep/26 9:58 PM,16/Sep/26 1:21 AM,25/Sep/26 11:58 PM,,,0,"Related to user story C5, D3, E1

Connect the Review page and API; persist each action; move the item to the correct next state; return the next item to review",,Yi Geng,,712020:e5fd85d6-6a93-421a-98d0-d5e4be368d13,,,,,,,,,,{},,0|i000c6:q,,,,,,,10042,SCRUM-14,"Review, Dispute & Adjudication",To Do,06/Sep/26 9:58 PM
"Work queues: role-checked queues, annotator count and submission limit (API)",SCRUM-48,10076,Task,Done,SCRUM,CS-57,software,Jason Wang,712020:93390656-829d-45f1-9908-d965a5930c17,,Medium,Done,Kanishka Kathait,712020:53d02d47-8757-44b7-a5a5-b57a63b98fbe,Yi Geng,712020:e5fd85d6-6a93-421a-98d0-d5e4be368d13,Yi Geng,712020:e5fd85d6-6a93-421a-98d0-d5e4be368d13,06/Sep/26 9:57 PM,27/Sep/26 6:42 PM,26/Sep/26 5:55 PM,27/Sep/26 6:42 PM,,0,"{noformat}Related to user story D8

ONLY BACKEND

Rescoped 2026-09-17: there is no assignment. A task owner does not hand items to named
annotator accounts, so this ticket has no assignee field, no individual or bulk assignment
endpoints, and no reassignment. Work is self-served from role-checked queues.

# Queue endpoints return what the caller may actually take, by role: annotation work, review work, adjudication work.
# A task carries a required-annotators count, chosen at creation.

# A submission is refused once the item already has as many human submissions as its task requires. The AI's annotation is not counted and is never refused by this limit (client answer, 2026-09-21: an AI first pass is separate from the human annotator count). Drafts are not capped — anyone may start one, and each person sees only their own.
# An annotator cannot read other annotators' submissions on the item before submitting their own — enforced in the API, not only on the screen. The count (2 of 3) may be shown; the answers may not.

# A full item is no longer offered in the annotate queue, and a finished item is never offered at all (use is_task_item_export_eligible() from SCRUM-43, PR #26 — the same rule task completion and export use).

# The queues carry independence: a reviewer is never offered an item they annotated themselves, and a second review is never offered to the first reviewer.
# Taking and submitting an item are recorded against the person in the item's history, even though nobody handed it to them.

The submission limit belongs in DraftService.submit_draft, where SCRUM-28 and SCRUM-26 are
also adding refusals this week. Agree the order and the merge sequence with Hanchen before
either lands.

Independence is a condition in the queue query, not a property of an assignee, because there
is no assignee. D7 (SCRUM-51) samples into that same query in W9, so agree its shape with Parth.

No open defects catalogued, because the concept is absent rather than broken: there is no queue
of any kind, so an annotator has no way to find work except by scrolling the item list.{noformat}",,Yi Geng,,712020:e5fd85d6-6a93-421a-98d0-d5e4be368d13,,,,,,,,,,{},,0|i0001a:i,W7 Lock down review data,,4.0,,,,10042,SCRUM-14,"Review, Dispute & Adjudication",Done,27/Sep/26 6:42 PM
Annotation: Connect the existing text annotation page to live APIs,SCRUM-47,10075,Task,Done,SCRUM,CS-57,software,Jason Wang,712020:93390656-829d-45f1-9908-d965a5930c17,,Medium,Done,,,Yi Geng,712020:e5fd85d6-6a93-421a-98d0-d5e4be368d13,Yi Geng,712020:e5fd85d6-6a93-421a-98d0-d5e4be368d13,06/Sep/26 9:56 PM,14/Sep/26 1:47 PM,,14/Sep/26 1:47 PM,,0,"Load source text and AI result, create/update draft, save progress and submit the item for review without mock data",,Yi Geng,,712020:e5fd85d6-6a93-421a-98d0-d5e4be368d13,,,,,,,,,,{},,0|i000ef:,,,,,,,10041,SCRUM-13,Annotation & Human Judgement,Done,14/Sep/26 1:47 PM
Task queue: Trigger an AI run and route completed items to review,SCRUM-46,10074,Task,Done,SCRUM,CS-57,software,Jason Wang,712020:93390656-829d-45f1-9908-d965a5930c17,,Medium,Done,Michael,712020:caa6edab-aef4-41b3-931a-595264910708,Yi Geng,712020:e5fd85d6-6a93-421a-98d0-d5e4be368d13,Yi Geng,712020:e5fd85d6-6a93-421a-98d0-d5e4be368d13,06/Sep/26 9:51 PM,27/Sep/26 7:41 PM,27/Sep/26 6:36 PM,26/Sep/26 3:36 PM,,0,"{noformat}Related to user story C2

ONLY BACKEND

Today AI annotation only runs as a side effect of dataset registration, and its output lands as an unclaimed pending draft that the first human save takes over (PR #22 keeps that behaviour). The client answered on 2026-09-17: AI output is treated as submitted, goes straight to review, and its author is the AI model.

# A task owner can start an AI run for a task at any time, not only at intake; the call returns the batch id. Enqueue is idempotent: the unique (batch_job_id, task_item_id) constraint means a repeated trigger cannot double-charge.
# A successful item becomes an annotation submitted by the AI, written through SCRUM-26's atomic submission path, and the item moves to review. The annotation's created_by stays NULL, because it is a foreign key to users and inventing a user would falsify the provenance record; the model that produced it is recorded in annotation_data.metadata.ai (provider, model) and the operator who triggered the run in metadata.ai.triggered_by. Giving the AI an author identity of its own is SCRUM-38 (decided 2026-09-23). Until it exists, an AI annotation is identified by created_by IS NULL, and two models cannot both annotate one item.
# The AI's annotation does not count toward the task's required annotators (client answer, 2026-09-21): that number counts human submissions only, so SCRUM-48's limit neither counts nor refuses it. One successful AI annotation per item is enough, unless the task explicitly defines a multi-model experiment.
# ai_item_jobs gains result_annotation_id, pointing at that annotation. The table already exists on every database, so this needs a migration step - agree the order with the other W8 schema changes on day one.
# Failed items stay visible as failed (SCRUM-3) and submit nothing.
# A dead-lettered item can be picked up by a later run. Its failed draft is unclaimed machine output, not annotation work, so it must not make the item look already annotated - otherwise a batch that hit a provider outage can never be retried and only a human claiming the failed draft moves the item on. A test: dead-letter an item, trigger a run, the item is covered and ends succeeded.{noformat}",,Yi Geng,,712020:e5fd85d6-6a93-421a-98d0-d5e4be368d13,,,,,,,,,,{},,0|i0001b:vx3,"W8 Route work, record decision",,1.5,,,,10040,SCRUM-12,AI Annotation Pipeline,Done,26/Sep/26 3:36 PM
Project lifecycle: Update and archive a project,SCRUM-45,10073,Task,To Do,SCRUM,CS-57,software,Jason Wang,712020:93390656-829d-45f1-9908-d965a5930c17,,Medium,,Jingwei Lin,712020:a3a41120-888a-4688-8ba9-1762665aa1c0,Yi Geng,712020:e5fd85d6-6a93-421a-98d0-d5e4be368d13,Yi Geng,712020:e5fd85d6-6a93-421a-98d0-d5e4be368d13,06/Sep/26 9:48 PM,26/Sep/26 2:16 PM,,,,0,"Related to user story J4

Rename/update project, update its policy, archive completed projects, make archived projects read-only and record changes in history",,Yi Geng,,712020:e5fd85d6-6a93-421a-98d0-d5e4be368d13,,,,,,,,,,{},,0|i000c6:p,,,,,,,10039,SCRUM-11,"Project, Policy & Task Lifecycle",To Do,06/Sep/26 9:48 PM
Organisation Management: Users can only perform actions that are permitted by their roles.,SCRUM-44,10072,Task,Done,SCRUM,CS-57,software,Jason Wang,712020:93390656-829d-45f1-9908-d965a5930c17,,Medium,Done,Jingwei Lin,712020:a3a41120-888a-4688-8ba9-1762665aa1c0,Jingwei Lin,712020:a3a41120-888a-4688-8ba9-1762665aa1c0,Jingwei Lin,712020:a3a41120-888a-4688-8ba9-1762665aa1c0,06/Sep/26 9:39 PM,16/Sep/26 1:20 AM,,12/Sep/26 11:59 PM,,0,"G1

# Approving, disputing, adjudicating and releasing each require the appropriate role.
# A user without the required role is refused with a clear message rather than silently allowed.
# Adding a new role later doesn't require reworking the workflow.

Issue 7",,Jingwei Lin,,712020:a3a41120-888a-4688-8ba9-1762665aa1c0,,,,,,,,,,{},,0|i0001g:i,W6 Governance & data-integrity,,,,,,10046,SCRUM-18,Organisation Management,Done,12/Sep/26 11:59 PM
Release & Export: Align task completion and export readiness,SCRUM-43,10071,Task,Done,SCRUM,CS-57,software,Jason Wang,712020:93390656-829d-45f1-9908-d965a5930c17,,Medium,Done,dishank.aswal,712020:409b8b84-45d9-414c-a752-aea725e3302e,Yi Geng,712020:e5fd85d6-6a93-421a-98d0-d5e4be368d13,Yi Geng,712020:e5fd85d6-6a93-421a-98d0-d5e4be368d13,06/Sep/26 6:04 PM,20/Sep/26 7:09 PM,25/Sep/26 7:12 PM,20/Sep/26 7:09 PM,,0,"A task marked complete that reports zero finished items destroys confidence in every other number the platform shows. Deliberately one ticket across two stories. Task completion and export readiness must end up using the same rule, and splitting them is how two rules got written in the first place.

Stories *B6* — “Done” means the same thing everywhere I look · *H5* — Export figures agree with the rest of the platform
Issues *19*, *27*, *14*",,Yi Geng,,712020:e5fd85d6-6a93-421a-98d0-d5e4be368d13,,,,,,,,,,{},,0|i00018:i,W7 Lock down review data,,2.0,,,,10045,SCRUM-17,Dataset Release & Export,Done,20/Sep/26 7:09 PM
Provenance: Remove duplicate escalation audit changes,SCRUM-41,10069,Task,To Do,SCRUM,CS-57,software,Jason Wang,712020:93390656-829d-45f1-9908-d965a5930c17,,Medium,,,,Yi Geng,712020:e5fd85d6-6a93-421a-98d0-d5e4be368d13,Yi Geng,712020:e5fd85d6-6a93-421a-98d0-d5e4be368d13,06/Sep/26 5:48 PM,16/Sep/26 1:21 AM,,,,0,"Escalation entries repeat their own summary as a change, which adds noise and makes real changes harder to spot. Small; pairs with SCRUM-40.

Story *F4* — History tells me who really did what
Issues *22*",,Yi Geng,,712020:e5fd85d6-6a93-421a-98d0-d5e4be368d13,,,,,,,,,,{},,0|i000c6:k,,,,,,,10044,SCRUM-16,Provenance & Audit History,To Do,06/Sep/26 5:48 PM
Provenance: Record correct audit actor types,SCRUM-40,10068,Task,To Do,SCRUM,CS-57,software,Jason Wang,712020:93390656-829d-45f1-9908-d965a5930c17,,Medium,,,,Yi Geng,712020:e5fd85d6-6a93-421a-98d0-d5e4be368d13,Yi Geng,712020:e5fd85d6-6a93-421a-98d0-d5e4be368d13,06/Sep/26 5:48 PM,16/Sep/26 1:21 AM,22/Sep/26 12:57 AM,,,0,"When a reviewer submits a corrected value, it's appended as truncated text to a notes field — the stored and exported annotation stays the original, unreviewed value.

Story *F4* — History tells me who really did what
Issues *21*",,Yi Geng,,712020:e5fd85d6-6a93-421a-98d0-d5e4be368d13,,,,,,,,,,{},,0|i000c6:d,,,,,,,10044,SCRUM-16,Provenance & Audit History,To Do,06/Sep/26 5:48 PM
"Provenance: Preserve AI, annotator, reviewer and adjudicator outputs separately",SCRUM-38,10066,Task,To Do,SCRUM,CS-57,software,Jason Wang,712020:93390656-829d-45f1-9908-d965a5930c17,,Medium,,Jason Wang,712020:93390656-829d-45f1-9908-d965a5930c17,Yi Geng,712020:e5fd85d6-6a93-421a-98d0-d5e4be368d13,Yi Geng,712020:e5fd85d6-6a93-421a-98d0-d5e4be368d13,06/Sep/26 5:48 PM,30/Sep/26 9:52 PM,23/Sep/26 2:33 PM,,,0,"Collapsing the AI suggestion, the human decision and the reviewer correction into one value destroys the only evidence of what human judgement actually contributed.

Story *F3* — The AI's suggestion, the human's answer and the reviewer's correction stay separate
Issues *4*, *5*



{noformat}Added 2026-09-23, from the review of PR #29 (SCRUM-46).

The AI is an author in its own right (client answer, 2026-09-17), but annotations.created_by is a foreign key to users, so SCRUM-46 leaves an AI annotation unauthored and identifies it by created_by IS NULL. That works for one model and nothing else: every AI annotation on an item is indistinguishable from every other, annotation lookup is keyed by (task_item_id, created_by), and a second AI submission would update the first in place - no new version, no history, under a reviewer who may already have acted on it. SCRUM-46 refuses to write it. This ticket is where the AI gets an identity instead.

# An annotation records what kind of author produced it and, for machine output, which model - without inventing a user account. Whatever shape is chosen, keep the model already recorded in metadata.ai as the source of truth for the run, so existing rows stay readable.
# Two models can annotate the same item without overwriting each other, which is what the client's ""unless the task explicitly defines a multi-model experiment"" (R1-4) assumes. SCRUM-46's one-AI-annotation-per-item refusal is then a task-level rule rather than a limitation of the data model.{noformat}",,Yi Geng,,712020:e5fd85d6-6a93-421a-98d0-d5e4be368d13,,,,,,,,,,{},,0|i0001b:vz1,Mid-semester Break,,,,,,10044,SCRUM-16,Provenance & Audit History,To Do,06/Sep/26 5:48 PM
Provenance: Guarantee one canonical answer per task item,SCRUM-37,10065,Task,To Do,SCRUM,CS-57,software,Jason Wang,712020:93390656-829d-45f1-9908-d965a5930c17,,Medium,,,,Yi Geng,712020:e5fd85d6-6a93-421a-98d0-d5e4be368d13,Yi Geng,712020:e5fd85d6-6a93-421a-98d0-d5e4be368d13,06/Sep/26 5:47 PM,07/Sep/26 3:04 AM,22/Sep/26 12:58 AM,,,0,"An export containing two conflicting ""final"" answers for the same item is unusable for training and indefensible to an auditor. Export tracks one slot per annotator rather than one canonical value per item. Depends on the SCRUM-27 client decision.

Story *H4* — Every released item has exactly one authoritative answer
Issues *4*",,Yi Geng,,712020:e5fd85d6-6a93-421a-98d0-d5e4be368d13,,,,,,,,,,{},,0|i000c5:,,,,,,,10044,SCRUM-16,Provenance & Audit History,To Do,06/Sep/26 5:47 PM
"Dispute / Annotation: Implement ""Dispute & send back to annotator""",SCRUM-35,10063,Task,Done,SCRUM,CS-57,software,Jason Wang,712020:93390656-829d-45f1-9908-d965a5930c17,,Medium,Done,Parth,712020:31379b73-52b1-497c-adec-f657d3cf3124,Yi Geng,712020:e5fd85d6-6a93-421a-98d0-d5e4be368d13,Yi Geng,712020:e5fd85d6-6a93-421a-98d0-d5e4be368d13,06/Sep/26 5:35 PM,16/Sep/26 1:20 AM,,14/Sep/26 8:06 PM,,0,"Not every dispute should be settled by an expert overruling — sometimes the right outcome is the original annotator redoing it with guidance. Users currently hit a placeholder. Smallest ticket on the board. The backend endpoint and the typed API client both already exist; only the click handler is missing.

Story *E2* — I can send an item back to the annotator
Issues *15*",,Yi Geng,,712020:e5fd85d6-6a93-421a-98d0-d5e4be368d13,,,,,,,,,,{},,0|i00024:,W6 Governance & data-integrity,,,,,,10042,SCRUM-14,"Review, Dispute & Adjudication",Done,14/Sep/26 8:06 PM
Task Lifecycle: Make dataset registration transactional,SCRUM-34,10062,Task,Done,SCRUM,CS-57,software,Jason Wang,712020:93390656-829d-45f1-9908-d965a5930c17,,Medium,Done,Kanishka Kathait,712020:53d02d47-8757-44b7-a5a5-b57a63b98fbe,Yi Geng,712020:e5fd85d6-6a93-421a-98d0-d5e4be368d13,Yi Geng,712020:e5fd85d6-6a93-421a-98d0-d5e4be368d13,06/Sep/26 5:07 PM,16/Sep/26 1:20 AM,,14/Sep/26 10:10 PM,,0,"A batch that half-loaded leaves a task nobody can trust and no way to tell which items are real.

Story *B5* — Loading a dataset either works or leaves nothing behind
Issues *16*",,Yi Geng,,712020:e5fd85d6-6a93-421a-98d0-d5e4be368d13,,,,,,,,,,{},,0|i0001i:o,W6 Governance & data-integrity,,,,,,10039,SCRUM-11,"Project, Policy & Task Lifecycle",Done,14/Sep/26 10:10 PM
Review: Persist reviewer corrections as structured data,SCRUM-32,10060,Task,To Do,SCRUM,CS-57,software,Jason Wang,712020:93390656-829d-45f1-9908-d965a5930c17,,Medium,,,,Yi Geng,712020:e5fd85d6-6a93-421a-98d0-d5e4be368d13,Yi Geng,712020:e5fd85d6-6a93-421a-98d0-d5e4be368d13,06/Sep/26 5:04 PM,21/Sep/26 8:36 PM,24/Sep/26 4:45 PM,,,0,"A reviewer can correct an item, watch it finalise, and find the correction nowhere in the result. It is appended as truncated text to a notes field while the item advances anyway. Depends on the same client decision as SCRUM-27 for who authors the corrected value.

Story *D3* — The correction I make is the answer that gets saved
Issues *5*",,Yi Geng,,712020:e5fd85d6-6a93-421a-98d0-d5e4be368d13,,,,,,,,,,{},,0|i0001b:vz,W9,,,,,,10042,SCRUM-14,"Review, Dispute & Adjudication",To Do,06/Sep/26 5:04 PM
"Review: Record verdict, feedback & justification",SCRUM-31,10059,Task,Done,SCRUM,CS-57,software,Jason Wang,712020:93390656-829d-45f1-9908-d965a5930c17,,Medium,Done,Parth,712020:31379b73-52b1-497c-adec-f657d3cf3124,Yi Geng,712020:e5fd85d6-6a93-421a-98d0-d5e4be368d13,Yi Geng,712020:e5fd85d6-6a93-421a-98d0-d5e4be368d13,06/Sep/26 5:03 PM,16/Sep/26 1:20 AM,,14/Sep/26 8:06 PM,,0,"The client's stated purpose for collecting human judgement is capturing how people reason — not harvesting yes/no answers. Confirm with the client whether justification is required on accept, or only on reject, modify and dispute.

Story *C5* — I can record why I decided, not just what I decided
Issues none",,Yi Geng,,712020:e5fd85d6-6a93-421a-98d0-d5e4be368d13,,,,,,,,,,{},,0|i0001v:,W6 Governance & data-integrity,,,,,,10042,SCRUM-14,"Review, Dispute & Adjudication",Done,14/Sep/26 8:06 PM
"AI-Provider: Store & Display AI suggestions, failures and unavailable states",SCRUM-30,10058,Task,Done,SCRUM,CS-57,software,Jason Wang,712020:93390656-829d-45f1-9908-d965a5930c17,,Medium,Done,Michael,712020:caa6edab-aef4-41b3-931a-595264910708,Yi Geng,712020:e5fd85d6-6a93-421a-98d0-d5e4be368d13,Yi Geng,712020:e5fd85d6-6a93-421a-98d0-d5e4be368d13,06/Sep/26 4:18 PM,16/Sep/26 1:20 AM,,13/Sep/26 8:55 PM,,0,"A reviewer must be able to tell ""the AI suggested this"" from ""there is no AI result"" at a glance. Today the two are indistinguishable. Pairs with SCRUM-7, which stops the fabrication at source.

Story *C3* — I'm told when the AI failed instead of being shown a fake answer
Issues none",,Yi Geng,,712020:e5fd85d6-6a93-421a-98d0-d5e4be368d13,,,,,,,,,,{},,0|i0001f:i,W6 Governance & data-integrity,,,,,,10041,SCRUM-13,Annotation & Human Judgement,Done,13/Sep/26 8:55 PM
Review: Retire or restrict legacy review mutation endpoints,SCRUM-29,10057,Task,Done,SCRUM,CS-57,software,Jason Wang,712020:93390656-829d-45f1-9908-d965a5930c17,,Medium,Done,Jingwei Lin,712020:a3a41120-888a-4688-8ba9-1762665aa1c0,Yi Geng,712020:e5fd85d6-6a93-421a-98d0-d5e4be368d13,Yi Geng,712020:e5fd85d6-6a93-421a-98d0-d5e4be368d13,06/Sep/26 4:08 PM,16/Sep/26 1:20 AM,,12/Sep/26 10:40 PM,,0,"A second, older set of review endpoints lets any organisation member edit or delete an approved review without touching item status, so approval history and official state can silently diverge.

Story *D2* — Approval history can't be rewritten behind my back
Issues *8*",,Yi Geng,,712020:e5fd85d6-6a93-421a-98d0-d5e4be368d13,,,,,,,,,,{},,0|i0001i:v,W6 Governance & data-integrity,,,,,,10042,SCRUM-14,"Review, Dispute & Adjudication",Done,12/Sep/26 10:40 PM
Annotation: Preventing finalized annotations from being overwritten,SCRUM-28,10056,Task,Done,SCRUM,CS-57,software,Jason Wang,712020:93390656-829d-45f1-9908-d965a5930c17,,Medium,Done,Jason Wang,712020:93390656-829d-45f1-9908-d965a5930c17,Yi Geng,712020:e5fd85d6-6a93-421a-98d0-d5e4be368d13,Yi Geng,712020:e5fd85d6-6a93-421a-98d0-d5e4be368d13,06/Sep/26 4:08 PM,20/Sep/26 5:41 PM,23/Sep/26 7:32 PM,20/Sep/26 5:41 PM,,0,"A ""locked"" answer that a later submission can quietly change means no exported label can be defended.

Story *D5* — Finalised means finalised
Issues *2*",,Yi Geng,,712020:e5fd85d6-6a93-421a-98d0-d5e4be368d13,,,,,,,,,,{},,0|i00010:d,W7 Lock down review data,,1.0,,,,10041,SCRUM-13,Annotation & Human Judgement,Done,20/Sep/26 5:41 PM
Review / Annotation: Reviewer should be able to select the correct submitted annotation,SCRUM-27,10055,Task,Done,SCRUM,CS-57,software,Jason Wang,712020:93390656-829d-45f1-9908-d965a5930c17,,Medium,Done,Jingwei Lin,712020:a3a41120-888a-4688-8ba9-1762665aa1c0,Yi Geng,712020:e5fd85d6-6a93-421a-98d0-d5e4be368d13,Yi Geng,712020:e5fd85d6-6a93-421a-98d0-d5e4be368d13,06/Sep/26 4:08 PM,26/Sep/26 1:54 AM,29/Sep/26 11:03 PM,26/Sep/26 1:54 AM,,0,"{noformat}Related to user story D4

ONLY BACKEND

On an item annotated by two people, review picks ""the latest annotation"" (review_actions.py, _latest_annotation), which is effectively random — a reviewer can approve the wrong person's submission with no sign anything went wrong.

No longer blocked on the review side: the client answered on 2026-09-17 that each author keeps their own version. SCRUM-26 now records draft.annotation_id, so every submission names the annotation it produced.

# Opening an item for review always shows a specific, identified annotator's submission.
# On an item annotated by two people, both submissions are individually addressable — the reviewer never gets an arbitrary one.
# The review decision is recorded against the submission the reviewer actually opened (ReviewDB.annotation_id).
# approve_draft stops falling back to the item's first ""latest"" annotation, which may be another author's (defect S7).
# A test on a two-annotator item returns a specific, identified submission every time.

Still open: which version a release carries — client follow-up F1, asked at the 2026-09-23 meeting. That is H4's rule (SCRUM-37), not this ticket's.
Closes issue 3. Provenance events (SCRUM-98, F1) reference the same link.
{noformat}",,Yi Geng,,712020:e5fd85d6-6a93-421a-98d0-d5e4be368d13,,,,,,,,,,{},,0|i0001b:vx6,"W8 Route work, record decision",,2.0,,,,10042,SCRUM-14,"Review, Dispute & Adjudication",Done,26/Sep/26 1:54 AM
Annotation: Make draft submission and annotation creation atomic,SCRUM-26,10054,Task,Done,SCRUM,CS-57,software,Jason Wang,712020:93390656-829d-45f1-9908-d965a5930c17,,Medium,Done,Jason Wang,712020:93390656-829d-45f1-9908-d965a5930c17,Yi Geng,712020:e5fd85d6-6a93-421a-98d0-d5e4be368d13,Yi Geng,712020:e5fd85d6-6a93-421a-98d0-d5e4be368d13,06/Sep/26 4:08 PM,20/Sep/26 5:41 PM,23/Sep/26 7:31 PM,20/Sep/26 5:41 PM,,0,"Draft status, the annotation and the item status are three separate commits today, and the draft's link back to its own annotation is never saved. The missing link is the same root cause as SCRUM-27, reached from the other direction.

Story *D5* — Finalised means finalised
Issues *11*",,Yi Geng,,712020:e5fd85d6-6a93-421a-98d0-d5e4be368d13,,,,,,,,,,{},,0|i00010:9,W7 Lock down review data,,1.5,,,,10041,SCRUM-13,Annotation & Human Judgement,Done,20/Sep/26 5:41 PM
Annotation: Enforce draft ownership,SCRUM-25,10053,Task,Done,SCRUM,CS-57,software,Jason Wang,712020:93390656-829d-45f1-9908-d965a5930c17,,Medium,Done,Jason Wang,712020:93390656-829d-45f1-9908-d965a5930c17,Yi Geng,712020:e5fd85d6-6a93-421a-98d0-d5e4be368d13,Yi Geng,712020:e5fd85d6-6a93-421a-98d0-d5e4be368d13,06/Sep/26 4:08 PM,16/Sep/26 1:20 AM,,13/Sep/26 8:55 PM,,0,"Any active member of the organisation can currently edit, delete or submit another user's unfinished draft — including submitting it before they are ready.

Story *D6* — My unfinished work is mine
Issues *6*",,Yi Geng,,712020:e5fd85d6-6a93-421a-98d0-d5e4be368d13,,,,,,,,,,{},,0|i0001f:,W6 Governance & data-integrity,,,,,,10041,SCRUM-13,Annotation & Human Judgement,Done,13/Sep/26 8:55 PM
Task Lifecycle: Implement valid task lifecycle transitions,SCRUM-24,10052,Task,In Review,SCRUM,CS-57,software,Jason Wang,712020:93390656-829d-45f1-9908-d965a5930c17,,Medium,,dishank.aswal,712020:409b8b84-45d9-414c-a752-aea725e3302e,Yi Geng,712020:e5fd85d6-6a93-421a-98d0-d5e4be368d13,Yi Geng,712020:e5fd85d6-6a93-421a-98d0-d5e4be368d13,06/Sep/26 4:03 PM,30/Sep/26 10:43 PM,30/Sep/26 10:46 PM,,,0,"{noformat}Related to user story B4

BACKEND, plus the minimal web controls to reach the new states (added 2026-09-30 at review of PR #41)

A task stays a draft forever today, so dataset intake never closes and the states the export dashboard is built around can never occur.

The client answered on 2026-09-17: ""anything reasonable, no hard requirement"" — the path is ours to define and write down.

# Lifecycle: draft → active → completed, with paused reachable from active and back.
# The project manager triggers each step (MANAGE_TASK); the transitions are explicit endpoints, not a generic status write.
# A task completes only once every item is finished, using SCRUM-43's rule (assert_task_completeable / is_task_item_export_eligible) — one completion rule, not a second one.
# Dataset intake closes once a task is active.
# SCRUM-48's queues offer work only in the task states this defines.
# Document the states and transitions in workflow_states.md in the same change.
# Web (added 2026-09-30): the task page offers Activate, Pause and Resume beside the existing Complete button, shown by status, with the API's refusal message; the web task status type and its mapping use draft / active / paused / completed; dataset intake in the web is offered only in draft. Without this, no task created in the UI can be worked on once the backend refuses work outside active.

Decided during review of PR #41 (2026-09-30):
- The AI first pass starts when an ai-assisted task is activated, not at dataset intake: intake does no AI work in any mode, and a paused task stops AI claims. This changes C2's flow (SCRUM-46).
- Issue 30: no cascade deletion. A task holding task items, or a project holding tasks, is refused with 409; nothing returns 500. Allowing deletion of an untouched draft task is a possible later refinement.

Issues *28*, *30*{noformat}",,Yi Geng,,712020:e5fd85d6-6a93-421a-98d0-d5e4be368d13,,,,,,,,,,{},,0|i000n7:,"W8 Route work, record decision",,2.5,,,,10039,SCRUM-11,"Project, Policy & Task Lifecycle",In Progress,30/Sep/26 8:48 PM
Task Lifecycle: Preserve lifecycle conflict responses as HTTP 409,SCRUM-23,10051,Task,Done,SCRUM,CS-57,software,Jason Wang,712020:93390656-829d-45f1-9908-d965a5930c17,,Medium,Done,dishank.aswal,712020:409b8b84-45d9-414c-a752-aea725e3302e,Yi Geng,712020:e5fd85d6-6a93-421a-98d0-d5e4be368d13,Yi Geng,712020:e5fd85d6-6a93-421a-98d0-d5e4be368d13,06/Sep/26 4:03 PM,16/Sep/26 1:20 AM,,14/Sep/26 8:05 PM,,0,"A deliberate ""intake is closed for this task"" is currently converted into a 500, so clients and alerting cannot tell an invalid workflow transition from an outage. Small; pairs naturally with SCRUM-34.

Story *B5* — Loading a dataset either works or leaves nothing behind
Issues *29*",,Yi Geng,,712020:e5fd85d6-6a93-421a-98d0-d5e4be368d13,,,,,,,,,,{},,0|i0001i:i,W6 Governance & data-integrity,,,,,,10039,SCRUM-11,"Project, Policy & Task Lifecycle",Done,14/Sep/26 8:05 PM
Task Lifecycle: Validate task-item status before database commit,SCRUM-22,10050,Task,Done,SCRUM,CS-57,software,Jason Wang,712020:93390656-829d-45f1-9908-d965a5930c17,,Medium,Done,dishank.aswal,712020:409b8b84-45d9-414c-a752-aea725e3302e,Yi Geng,712020:e5fd85d6-6a93-421a-98d0-d5e4be368d13,Yi Geng,712020:e5fd85d6-6a93-421a-98d0-d5e4be368d13,06/Sep/26 4:03 PM,16/Sep/26 1:20 AM,,14/Sep/26 8:06 PM,,0,"A nonsense status stored permanently makes counts, filters and progress figures lie from then on.

Story *G4* — The platform refuses states that can't exist
Issues *10*",,Yi Geng,,712020:e5fd85d6-6a93-421a-98d0-d5e4be368d13,,,,,,,,,,{},,0|i0001i:,W6 Governance & data-integrity,,,,,,10039,SCRUM-11,"Project, Policy & Task Lifecycle",Done,14/Sep/26 8:06 PM
Task Lifecycle: Prevent cross-project task and task-item writes,SCRUM-21,10049,Task,Done,SCRUM,CS-57,software,Jason Wang,712020:93390656-829d-45f1-9908-d965a5930c17,,Medium,Done,Jingwei Lin,712020:a3a41120-888a-4688-8ba9-1762665aa1c0,Yi Geng,712020:e5fd85d6-6a93-421a-98d0-d5e4be368d13,Yi Geng,712020:e5fd85d6-6a93-421a-98d0-d5e4be368d13,06/Sep/26 4:02 PM,16/Sep/26 1:19 AM,,14/Sep/26 8:05 PM,,0,"Access to a single low-risk project currently lets someone modify tasks and items in projects they were never given access to.

Story *G3* — My work stays inside my project
Issues *9*",,Yi Geng,,712020:e5fd85d6-6a93-421a-98d0-d5e4be368d13,,,,,,,,,,{},,0|i0001h:,W6 Governance & data-integrity,,,,,,10039,SCRUM-11,"Project, Policy & Task Lifecycle",Done,14/Sep/26 8:05 PM
Project & Policy: Configure project review and annotation policies,SCRUM-20,10048,Task,Done,SCRUM,CS-57,software,Jason Wang,712020:93390656-829d-45f1-9908-d965a5930c17,,Medium,Done,Jingwei Lin,712020:a3a41120-888a-4688-8ba9-1762665aa1c0,Yi Geng,712020:e5fd85d6-6a93-421a-98d0-d5e4be368d13,Yi Geng,712020:e5fd85d6-6a93-421a-98d0-d5e4be368d13,06/Sep/26 4:00 PM,21/Sep/26 3:47 PM,23/Sep/26 7:32 PM,21/Sep/26 3:47 PM,,0,"A low-risk labelling job and a safety-critical judgement task should not be governed identically. The manager sets approvals required, the cross-review share, and what happens when reviewers disagree. Scope is recording the choice faithfully. Enforcement is a separate story (G2) and is not currently on the board.

Story *B2* — I can decide how carefully my project's work gets reviewed
Issues none",,Yi Geng,,712020:e5fd85d6-6a93-421a-98d0-d5e4be368d13,,,,,,,,,,{},,0|i00010:i,W7 Lock down review data,,2.0,,,,10039,SCRUM-11,"Project, Policy & Task Lifecycle",Done,21/Sep/26 3:47 PM
Environment issue & testing,SCRUM-19,10047,Epic,To Do,SCRUM,CS-57,software,Jason Wang,712020:93390656-829d-45f1-9908-d965a5930c17,,Medium,,,,Yi Geng,712020:e5fd85d6-6a93-421a-98d0-d5e4be368d13,Yi Geng,712020:e5fd85d6-6a93-421a-98d0-d5e4be368d13,06/Sep/26 3:24 PM,06/Sep/26 3:24 PM,,,,0,API key、environment issue & testing,,Yi Geng,,712020:e5fd85d6-6a93-421a-98d0-d5e4be368d13,,,,,,,,,,{},yellow,0|i0003z:,,,,,,,,,,To Do,06/Sep/26 3:24 PM
Organisation Management,SCRUM-18,10046,Epic,To Do,SCRUM,CS-57,software,Jason Wang,712020:93390656-829d-45f1-9908-d965a5930c17,,Medium,,,,Yi Geng,712020:e5fd85d6-6a93-421a-98d0-d5e4be368d13,Yi Geng,712020:e5fd85d6-6a93-421a-98d0-d5e4be368d13,06/Sep/26 3:21 PM,06/Sep/26 3:21 PM,,,,0,"Invitation & member management, nice-to-have",,Yi Geng,,712020:e5fd85d6-6a93-421a-98d0-d5e4be368d13,,,,,,,,,,{},dark_yellow,0|i0003r:,,,,,,,,,,To Do,06/Sep/26 3:21 PM
Dataset Release & Export,SCRUM-17,10045,Epic,To Do,SCRUM,CS-57,software,Jason Wang,712020:93390656-829d-45f1-9908-d965a5930c17,,Medium,,,,Yi Geng,712020:e5fd85d6-6a93-421a-98d0-d5e4be368d13,Yi Geng,712020:e5fd85d6-6a93-421a-98d0-d5e4be368d13,06/Sep/26 3:20 PM,06/Sep/26 3:20 PM,,,,0,Canonical answer、release、export,,Yi Geng,,712020:e5fd85d6-6a93-421a-98d0-d5e4be368d13,,,,,,,,,,{},dark_blue,0|i0003j:,,,,,,,,,,To Do,06/Sep/26 3:20 PM
Provenance & Audit History,SCRUM-16,10044,Epic,To Do,SCRUM,CS-57,software,Jason Wang,712020:93390656-829d-45f1-9908-d965a5930c17,,Medium,,,,Yi Geng,712020:e5fd85d6-6a93-421a-98d0-d5e4be368d13,Yi Geng,712020:e5fd85d6-6a93-421a-98d0-d5e4be368d13,06/Sep/26 3:18 PM,06/Sep/26 3:18 PM,,,,0,AI/human/reviewer decision history,,Yi Geng,,712020:e5fd85d6-6a93-421a-98d0-d5e4be368d13,,,,,,,,,,{},dark_green,0|i0003b:,,,,,,,,,,To Do,06/Sep/26 3:18 PM
"Review, Dispute & Adjudication",SCRUM-14,10042,Epic,To Do,SCRUM,CS-57,software,Jason Wang,712020:93390656-829d-45f1-9908-d965a5930c17,,Medium,,,,Jason Wang,712020:93390656-829d-45f1-9908-d965a5930c17,Jason Wang,712020:93390656-829d-45f1-9908-d965a5930c17,06/Sep/26 2:21 AM,06/Sep/26 3:16 PM,,,,0,_Highest-severity defects live here — two are named in the client's own brief._,,Jason Wang,,712020:93390656-829d-45f1-9908-d965a5930c17,,,,,,,,,,{},orange,0|i0002v:,,,,,,,,,,To Do,06/Sep/26 2:21 AM
Annotation & Human Judgement,SCRUM-13,10041,Epic,To Do,SCRUM,CS-57,software,Jason Wang,712020:93390656-829d-45f1-9908-d965a5930c17,,Medium,,,,Jason Wang,712020:93390656-829d-45f1-9908-d965a5930c17,Jason Wang,712020:93390656-829d-45f1-9908-d965a5930c17,06/Sep/26 2:21 AM,06/Sep/26 3:16 PM,,,,0,"_The client's stated #1 engineering gap: the connective layer between platform, queue and AI._",,Jason Wang,,712020:93390656-829d-45f1-9908-d965a5930c17,,,,,,,,,,{},dark_green,0|i0002n:,,,,,,,,,,To Do,06/Sep/26 2:21 AM
AI Annotation Pipeline,SCRUM-12,10040,Epic,To Do,SCRUM,CS-57,software,Jason Wang,712020:93390656-829d-45f1-9908-d965a5930c17,,Medium,,,,Jason Wang,712020:93390656-829d-45f1-9908-d965a5930c17,Jason Wang,712020:93390656-829d-45f1-9908-d965a5930c17,06/Sep/26 2:19 AM,06/Sep/26 3:16 PM,,,,0,_Project → policy → task → items. The client's own critical path starts here._,,Jason Wang,,712020:93390656-829d-45f1-9908-d965a5930c17,,,,,,,,,,{},blue,0|i0002f:,,,,,,,,,,To Do,06/Sep/26 2:19 AM
"Project, Policy & Task Lifecycle",SCRUM-11,10039,Epic,To Do,SCRUM,CS-57,software,Jason Wang,712020:93390656-829d-45f1-9908-d965a5930c17,,Medium,,,,Jason Wang,712020:93390656-829d-45f1-9908-d965a5930c17,Jason Wang,712020:93390656-829d-45f1-9908-d965a5930c17,06/Sep/26 2:13 AM,06/Sep/26 3:16 PM,,,,0,_Do these first. Nothing else is safe or demonstrable until they hold._,,Jason Wang,,712020:93390656-829d-45f1-9908-d965a5930c17,,,,,,,,,,{},purple,0|i00027:,,,,,,,,,,To Do,06/Sep/26 2:13 AM
Organisation management:  Invitation & acceptance,SCRUM-8,10036,Task,Done,SCRUM,CS-57,software,Jason Wang,712020:93390656-829d-45f1-9908-d965a5930c17,,Medium,Done,Tim Chung,712020:2c5fbefd-b0d1-4404-a667-67013b327abe,Jason Wang,712020:93390656-829d-45f1-9908-d965a5930c17,Jason Wang,712020:93390656-829d-45f1-9908-d965a5930c17,05/Sep/26 10:44 PM,29/Sep/26 3:53 PM,29/Sep/26 3:53 PM,16/Sep/26 6:32 PM,,0,"No invitation can be accepted at all today, so a second person cannot be onboarded through the normal route. This blocks any multi-user demo.

Story *G5* — I can actually invite someone into my organisation
Issues *17*, *18*",,Jason Wang,,712020:93390656-829d-45f1-9908-d965a5930c17,,,,,,,,,,{},,0|i0001b:vv,W7 Lock down review data,,,,,,10046,SCRUM-18,Organisation Management,Done,16/Sep/26 6:32 PM
AI-Provider: Stop generating fake annotations when the AI provider fails,SCRUM-7,10035,Task,Done,SCRUM,CS-57,software,Jason Wang,712020:93390656-829d-45f1-9908-d965a5930c17,,Medium,Done,Michael,712020:caa6edab-aef4-41b3-931a-595264910708,Jason Wang,712020:93390656-829d-45f1-9908-d965a5930c17,Jason Wang,712020:93390656-829d-45f1-9908-d965a5930c17,05/Sep/26 10:44 PM,13/Sep/26 8:55 PM,,13/Sep/26 8:55 PM,,0,"When the AI step fails or is switched off, the platform currently invents plausible-looking bounding boxes and stores them as an ordinary draft. A fabricated suggestion mistaken for a real one is worse than no suggestion. Highest-value ticket on the AI side — it removes fabricated data from the record.

Story *C3* — I'm told when the AI failed instead of being shown a fake answer
Issues *20*",,Jason Wang,,712020:93390656-829d-45f1-9908-d965a5930c17,,,,,,,,,,{},,0|i0001e:,W6 Governance & data-integrity,,,,,,10041,SCRUM-13,Annotation & Human Judgement,Done,13/Sep/26 8:55 PM
AI-Provider: Integrate labeling_ai_assistnat_mvp as an AI provider,SCRUM-6,10034,Task,Done,SCRUM,CS-57,software,Jason Wang,712020:93390656-829d-45f1-9908-d965a5930c17,,Medium,Done,Yi Geng,712020:e5fd85d6-6a93-421a-98d0-d5e4be368d13,Jingwei Lin,712020:a3a41120-888a-4688-8ba9-1762665aa1c0,Jingwei Lin,712020:a3a41120-888a-4688-8ba9-1762665aa1c0,05/Sep/26 10:43 PM,21/Sep/26 4:57 PM,24/Sep/26 4:15 PM,21/Sep/26 4:56 PM,,0,"The client intends to move from a mock to open-source or self-hosted models later. The workflow must not be rebuilt when that happens. OVERSIZED — see the recommended split below. Also on the critical path: SCRUM-1, 2, 3 and 7 all need the interface this creates.

Story *C1* — The AI assistant can be swapped without disrupting my work
Issues none",,Jingwei Lin,,712020:a3a41120-888a-4688-8ba9-1762665aa1c0,,,,,,,,,,{},,0|i00010:,W7 Lock down review data,,1.5,,,,10041,SCRUM-13,Annotation & Human Judgement,Done,21/Sep/26 4:56 PM
Task queue: Display batch progress and per-item job status,SCRUM-5,10033,Task,Done,SCRUM,CS-57,software,Jason Wang,712020:93390656-829d-45f1-9908-d965a5930c17,,Medium,Done,Michael,712020:caa6edab-aef4-41b3-931a-595264910708,Yi Geng,712020:e5fd85d6-6a93-421a-98d0-d5e4be368d13,Yi Geng,712020:e5fd85d6-6a93-421a-98d0-d5e4be368d13,05/Sep/26 10:39 PM,26/Sep/26 3:36 PM,23/Sep/26 7:09 PM,26/Sep/26 3:36 PM,,0,"{noformat}Related to user story C2

With a thousand items running, the project manager needs to see how much of the batch is done, in flight or stuck.

Moved from Michael to Tim on 2026-09-21. The job tables exist (PR #21) and the worker writes them (PR #22).

# An endpoint returns a batch's progress: counts per item status (queued, running, retry_wait, succeeded, skipped, dead_letter), and the batch status.
# The per-item list shows each item's status, attempt count and last error, so a stuck or failed item can be found.
# The task screen shows the progress, and a batch that ends completed_with_failures is shown as such — never as plain ""completed"".
# Progress is derived with GROUP BY on (batch_job_id, status), as the schema document intends — no counters to drift.

Reads the fields SCRUM-3 changes — agree them with Michael on day one.
{noformat}",,Yi Geng,,712020:e5fd85d6-6a93-421a-98d0-d5e4be368d13,,,,,,,,,,{},,0|i0001b:w6,Mid-semester Break,,1.5,,,,10040,SCRUM-12,AI Annotation Pipeline,Done,26/Sep/26 3:36 PM
Task queue: Retry failed items and preserve permanent failures,SCRUM-3,10002,Task,Done,SCRUM,CS-57,software,Jason Wang,712020:93390656-829d-45f1-9908-d965a5930c17,,,Done,Michael,712020:caa6edab-aef4-41b3-931a-595264910708,Jason Wang,712020:93390656-829d-45f1-9908-d965a5930c17,Jason Wang,712020:93390656-829d-45f1-9908-d965a5930c17,02/Sep/26 7:07 PM,27/Sep/26 7:41 PM,,26/Sep/26 3:36 PM,,0,"

{noformat}Related to user story C2

ONLY BACKEND

One failed item must not sink a batch of a thousand. Temporary failures retry; permanent ones stay visible as failed rather than disappearing. Do not copy the MVP's TaskRunner, which prints the error and drops the item from the output.

# Classify each failure as transient (rate limit, timeout, provider 5xx) or permanent (bad schema, unsupported task, missing key), stored in ai_item_jobs.last_error_kind.
# Transient failures retry with backoff through next_attempt_at, up to max_attempts.
# Permanent failures, and items out of attempts, end as dead_letter with the real error — visible, never dropped, never silently retried.
# A batch with any dead_letter item ends as completed_with_failures, not completed.
# A test for each path.

Follow-ups from PR #22's review (2026-09-21):
# Test the lease fence's owner check: worker A records while B still holds the lease → lease_lost, job stays running under B. Today, removing lease_owner == worker_id leaves every test green.
# Take worker_id from the claim, not from item_job.lease_owner at load time (run_once / run_next_item already have it).
# Move test_ai_batch_worker.py onto conftest.py's shared empty_engine fixture (keep autoflush=False), so the claim and fenced UPDATEs run in CI on PostgreSQL.
# Add lease_expires_at < now to both UPDATEs in reclaim_expired_leases. On PostgreSQL, a sweep can otherwise erase another worker's fresh lease. Needs an interleaving test.
# When building the analyzer fails (e.g. task subtype changed after enqueue), dead-letter at once as permanent with the real error message, instead of waiting three lease expiries and recording ""Abandoned after 3 attempt(s)"".

Condition: until follow-ups 3 and 4 are done, do not switch on worker mode on PostgreSQL, and do not run more than one worker.
SCRUM-5 (Tim) reads the job fields this ticket changes — agree them on day one.
{noformat}",,Jason Wang,,712020:93390656-829d-45f1-9908-d965a5930c17,,,,,,,,,,{},,0|i0001b:vx2,"W8 Route work, record decision",,1.5,,,,10040,SCRUM-12,AI Annotation Pipeline,Done,26/Sep/26 3:36 PM
Task queue: Execute task annotation asynchronously through a worker,SCRUM-2,10001,Task,Done,SCRUM,CS-57,software,Jason Wang,712020:93390656-829d-45f1-9908-d965a5930c17,,,Done,Michael,712020:caa6edab-aef4-41b3-931a-595264910708,Jason Wang,712020:93390656-829d-45f1-9908-d965a5930c17,Jason Wang,712020:93390656-829d-45f1-9908-d965a5930c17,02/Sep/26 7:07 PM,21/Sep/26 7:23 PM,23/Sep/26 7:24 PM,21/Sep/26 7:23 PM,,0,"Requesting AI annotation for a task must return immediately and let the project manager keep working, instead of blocking the request while every item is processed one at a time. Depends on SCRUM-1 for the job model and SCRUM-6 for something to call.

Story *C2* — A large batch of items gets AI-annotated reliably
Issues none",,Jason Wang,,712020:93390656-829d-45f1-9908-d965a5930c17,,,,,,,,,,{},,0|i0000z:,W7 Lock down review data,,1.0,,,,10040,SCRUM-12,AI Annotation Pipeline,Done,21/Sep/26 7:23 PM
Task queue: Create AI batch job and per-item job status models,SCRUM-1,10000,Task,Done,SCRUM,CS-57,software,Jason Wang,712020:93390656-829d-45f1-9908-d965a5930c17,,,Done,Michael,712020:caa6edab-aef4-41b3-931a-595264910708,Jason Wang,712020:93390656-829d-45f1-9908-d965a5930c17,Jason Wang,712020:93390656-829d-45f1-9908-d965a5930c17,02/Sep/26 7:07 PM,20/Sep/26 5:41 PM,,20/Sep/26 5:41 PM,,0,"The queue needs somewhere to record work before anything can run in the background. This is the data model only — no worker yet. Land it first — SCRUM-2, 3 and 5 all read and write the job row.

Story *C2* — A large batch of items gets AI-annotated reliably
Issues none",,Jason Wang,,712020:93390656-829d-45f1-9908-d965a5930c17,,,,,,,,,,{},,0|i0000v:,W7 Lock down review data,,1.0,,,,10040,SCRUM-12,AI Annotation Pipeline,Done,20/Sep/26 5:41 PM
